split,stem,model,rgb_std,speed_p90,grad_p90,instance_count,median_area,contrast_group,flow_group,grad_group,density_group,size_group,tp,fp,fn,precision,recall,mean_iou,matched_mean_iou,ow_low_frac,zeta_sign_consistency,boundary_grad_mean,n_pred
val,20240101_20241231_t00000,3ch,0.15004056692123413,0.4967036016750648,0.057042841364001194,14.0,0.002646484375,mid_contrast,mid_flow,mid_grad,many_eddies,mid_targets,10.0,3.0,4.0,0.7692307692307693,0.7142857142857143,0.7876592200937919,0.7876592200937919,0.7722527171090781,0.9803162544134162,0.06998022356235012,13.0
val,20240101_20241231_t00000,7ch,0.15004056692123413,0.4967036016750648,0.057042841364001194,14.0,0.002646484375,mid_contrast,mid_flow,mid_grad,many_eddies,mid_targets,2.0,3.0,12.0,0.4,0.14285714285714285,0.7563592439960211,0.7563592439960211,0.7873502676070954,0.9757720007311381,0.05998121903846817,5.0
val,20240101_20241231_t00007,3ch,0.14976689219474792,0.4778221216211576,0.05561003057791858,12.0,0.00259765625,mid_contrast,mid_flow,mid_grad,many_eddies,mid_targets,6.0,1.0,6.0,0.8571428571428571,0.5,0.7762778296975331,0.7762778296975331,0.796360284866724,0.9777250354304217,0.07275964486061451,7.0
val,20240101_20241231_t00007,7ch,0.14976689219474792,0.4778221216211576,0.05561003057791858,12.0,0.00259765625,mid_contrast,mid_flow,mid_grad,many_eddies,mid_targets,3.0,1.0,9.0,0.75,0.25,0.7450682728076489,0.7450682728076489,0.7962313561462513,0.9675127260322717,0.05330348703310014,4.0
val,20240101_20241231_t00014,3ch,0.1520857810974121,0.4626183539045226,0.05375806684565987,10.0,0.0025390625,high_contrast,weak_flow,smooth_grad,mid_eddies,mid_targets,8.0,1.0,2.0,0.8888888888888888,0.8,0.7454580904956114,0.7454580904956114,0.7720513795130591,0.9807022469702569,0.06828675922383676,9.0
val,20240101_20241231_t00014,7ch,0.1520857810974121,0.4626183539045226,0.05375806684565987,10.0,0.0025390625,high_contrast,weak_flow,smooth_grad,mid_eddies,mid_targets,5.0,2.0,5.0,0.7142857142857143,0.5,0.7250083047366608,0.7250083047366608,0.7205986216267541,0.8818316726391385,0.0880422562094102,7.0
val,20240101_20241231_t00021,3ch,0.15400958061218262,0.45786735633798065,0.05285834547989534,9.0,0.00228515625,high_contrast,weak_flow,smooth_grad,few_eddies,small_targets,6.0,1.0,3.0,0.8571428571428571,0.6666666666666666,0.7866024850610915,0.7866024850610915,0.7770200373785253,0.9778039982576511,0.07640702654603718,7.0
val,20240101_20241231_t00021,7ch,0.15400958061218262,0.45786735633798065,0.05285834547989534,9.0,0.00228515625,high_contrast,weak_flow,smooth_grad,few_eddies,small_targets,2.0,1.0,7.0,0.6666666666666666,0.2222222222222222,0.8190225856697819,0.8190225856697819,0.6745526427097809,0.9761369162199568,0.04597831038530891,3.0
val,20240101_20241231_t00028,3ch,0.15368486940860748,0.4562612952848514,0.05275612275038452,10.0,0.002490234375,high_contrast,weak_flow,smooth_grad,mid_eddies,mid_targets,7.0,1.0,3.0,0.875,0.7,0.783547758248249,0.783547758248249,0.7689557445595081,0.9814904076796143,0.0814949798007038,8.0
val,20240101_20241231_t00028,7ch,0.15368486940860748,0.4562612952848514,0.05275612275038452,10.0,0.002490234375,high_contrast,weak_flow,smooth_grad,mid_eddies,mid_targets,4.0,1.0,6.0,0.8,0.4,0.7791253947672433,0.7791253947672433,0.7428299529671307,0.9881496198271169,0.05841162820101516,5.0
val,20240101_20241231_t00035,3ch,0.1523865908384323,0.44839984387717763,0.05161055367148595,6.0,0.003857421875,high_contrast,weak_flow,smooth_grad,few_eddies,large_targets,5.0,0.0,1.0,1.0,0.8333333333333334,0.7578322933296995,0.7578322933296995,0.7963534781158121,0.9871283997469955,0.07004031291013664,5.0
val,20240101_20241231_t00035,7ch,0.1523865908384323,0.44839984387717763,0.05161055367148595,6.0,0.003857421875,high_contrast,weak_flow,smooth_grad,few_eddies,large_targets,4.0,0.0,2.0,1.0,0.6666666666666666,0.7611890025738013,0.7611890025738013,0.8419022366599975,0.9814372967233456,0.07056185849169565,4.0
val,20240101_20241231_t00042,3ch,0.15152116119861603,0.45149267838472185,0.0522003472291506,10.0,0.0025097656250000003,mid_contrast,weak_flow,smooth_grad,mid_eddies,mid_targets,7.0,0.0,3.0,1.0,0.7,0.7621765261987298,0.7621765261987298,0.7567473933122314,0.9785781138248694,0.0771412441707261,7.0
val,20240101_20241231_t00042,7ch,0.15152116119861603,0.45149267838472185,0.0522003472291506,10.0,0.0025097656250000003,mid_contrast,weak_flow,smooth_grad,mid_eddies,mid_targets,2.0,0.0,8.0,1.0,0.2,0.7734763116442506,0.7734763116442506,0.7869692832764505,0.9888805460750854,0.05186698381233751,2.0
val,20240101_20241231_t00049,3ch,0.15121576189994812,0.46590515744275934,0.05377711407637054,10.0,0.002265625,mid_contrast,weak_flow,smooth_grad,mid_eddies,small_targets,6.0,2.0,4.0,0.75,0.6,0.7763382117594504,0.7763382117594504,0.7377110053588701,0.9858360576225204,0.0705413845375649,8.0
val,20240101_20241231_t00049,7ch,0.15121576189994812,0.46590515744275934,0.05377711407637054,10.0,0.002265625,mid_contrast,weak_flow,smooth_grad,mid_eddies,small_targets,1.0,2.0,9.0,0.3333333333333333,0.1,0.6934097421203438,0.6934097421203438,0.5664459316072219,0.9789972512553158,0.038853205156671615,3.0
val,20240101_20241231_t00056,3ch,0.1504443734884262,0.4558620486655193,0.05292806911897009,6.0,0.0032421875000000003,mid_contrast,weak_flow,smooth_grad,few_eddies,large_targets,6.0,0.0,0.0,1.0,1.0,0.7895303081333016,0.7895303081333016,0.7644752058933105,0.9807658956131059,0.07892332502267502,6.0
val,20240101_20241231_t00056,7ch,0.1504443734884262,0.4558620486655193,0.05292806911897009,6.0,0.0032421875000000003,mid_contrast,weak_flow,smooth_grad,few_eddies,large_targets,3.0,1.0,3.0,0.75,0.5,0.7588860178007465,0.7588860178007465,0.6401401995470868,0.9854009081422569,0.04535895784393319,4.0
val,20240101_20241231_t00063,3ch,0.15037080645561218,0.45885813274997095,0.053460312391346194,6.0,0.00244140625,mid_contrast,weak_flow,smooth_grad,few_eddies,small_targets,5.0,1.0,1.0,0.8333333333333334,0.8333333333333334,0.7842015757155663,0.7842015757155663,0.767911549706244,0.980321344218727,0.08456575103073986,6.0
val,20240101_20241231_t00063,7ch,0.15037080645561218,0.45885813274997095,0.053460312391346194,6.0,0.00244140625,mid_contrast,weak_flow,smooth_grad,few_eddies,small_targets,2.0,1.0,4.0,0.6666666666666666,0.3333333333333333,0.7432580841976815,0.7432580841976815,0.7562302432124112,0.9748023312989585,0.049879866762108926,3.0
val,20240101_20241231_t00070,3ch,0.14932113885879517,0.4566386075781449,0.05291043612112256,6.0,0.002880859375,mid_contrast,weak_flow,smooth_grad,few_eddies,large_targets,3.0,2.0,3.0,0.6,0.5,0.7830379565186195,0.7830379565186195,0.7897430058035756,0.988833763052102,0.07854083781696633,5.0
val,20240101_20241231_t00070,7ch,0.14932113885879517,0.4566386075781449,0.05291043612112256,6.0,0.002880859375,mid_contrast,weak_flow,smooth_grad,few_eddies,large_targets,0.0,3.0,6.0,0.0,0.0,0.0,0.0,0.22737067550880996,0.9024926627851539,0.02005069384942762,3.0
val,20240101_20241231_t00077,3ch,0.15130002796649933,0.4792387317187539,0.05427373905304761,6.0,0.002626953125,mid_contrast,mid_flow,smooth_grad,few_eddies,mid_targets,3.0,2.0,3.0,0.6,0.5,0.7874732694021307,0.7874732694021307,0.773414071888793,0.9711812383254905,0.07987145793210762,5.0
val,20240101_20241231_t00077,7ch,0.15130002796649933,0.4792387317187539,0.05427373905304761,6.0,0.002626953125,mid_contrast,mid_flow,smooth_grad,few_eddies,mid_targets,1.0,5.0,5.0,0.16666666666666666,0.16666666666666666,0.6368715083798883,0.6368715083798883,0.36021241125061726,0.7988713667285096,0.05034777841519314,6.0
val,20240101_20241231_t00084,3ch,0.15325121581554413,0.4685400298506983,0.053445678038075185,4.0,0.0029589843750000002,high_contrast,weak_flow,smooth_grad,few_eddies,large_targets,3.0,0.0,1.0,1.0,0.75,0.6949410746063975,0.6949410746063975,0.7742746327205315,0.9836048832567424,0.07904624862708831,3.0
val,20240101_20241231_t00084,7ch,0.15325121581554413,0.4685400298506983,0.053445678038075185,4.0,0.0029589843750000002,high_contrast,weak_flow,smooth_grad,few_eddies,large_targets,2.0,3.0,2.0,0.4,0.5,0.7025815568352758,0.7025815568352758,0.5414792247900223,0.7691090647272641,0.09836374092088684,5.0
val,20240101_20241231_t00091,3ch,0.1518879234790802,0.4631369342439628,0.05270719591092532,9.0,0.00279296875,high_contrast,weak_flow,smooth_grad,few_eddies,large_targets,7.0,1.0,2.0,0.875,0.7777777777777778,0.7413727551234105,0.7413727551234105,0.7444535873530754,0.9766782918263502,0.06592971454256158,8.0
val,20240101_20241231_t00091,7ch,0.1518879234790802,0.4631369342439628,0.05270719591092532,9.0,0.00279296875,high_contrast,weak_flow,smooth_grad,few_eddies,large_targets,3.0,0.0,6.0,1.0,0.3333333333333333,0.7462472108924217,0.7462472108924217,0.7958035659049494,0.9931632801689608,0.06570531755223304,3.0
val,20240101_20241231_t00098,3ch,0.15001994371414185,0.4791090396068057,0.05409885621936884,8.0,0.002431640625,mid_contrast,mid_flow,smooth_grad,few_eddies,small_targets,5.0,2.0,3.0,0.7142857142857143,0.625,0.6732493408814253,0.6732493408814253,0.6886792362630995,0.9682493938589543,0.06333509573975035,7.0
val,20240101_20241231_t00098,7ch,0.15001994371414185,0.4791090396068057,0.05409885621936884,8.0,0.002431640625,mid_contrast,mid_flow,smooth_grad,few_eddies,small_targets,1.0,0.0,7.0,1.0,0.125,0.7166666666666667,0.7166666666666667,0.7627118644067796,0.9717514124293786,0.06765850627839569,1.0
val,20240101_20241231_t00105,3ch,0.15081751346588135,0.4831187203228688,0.05496844087724926,6.0,0.002646484375,mid_contrast,mid_flow,mid_grad,few_eddies,mid_targets,3.0,1.0,3.0,0.75,0.5,0.7035442403364195,0.7035442403364195,0.7390934140394121,0.9755240330793566,0.0698000490543313,4.0
val,20240101_20241231_t00105,7ch,0.15081751346588135,0.4831187203228688,0.05496844087724926,6.0,0.002646484375,mid_contrast,mid_flow,mid_grad,few_eddies,mid_targets,1.0,0.0,5.0,1.0,0.16666666666666666,0.6071428571428571,0.6071428571428571,0.7090909090909091,0.9954545454545455,0.05171272215342096,1.0
val,20240101_20241231_t00112,3ch,0.1520060896873474,0.4908268184332856,0.05538695905468793,3.0,0.002734375,high_contrast,mid_flow,mid_grad,few_eddies,large_targets,2.0,1.0,1.0,0.6666666666666666,0.6666666666666666,0.7732492997198879,0.7732492997198879,0.7854333166833167,0.9817654567654568,0.060560661352852214,3.0
val,20240101_20241231_t00112,7ch,0.1520060896873474,0.4908268184332856,0.05538695905468793,3.0,0.002734375,high_contrast,mid_flow,mid_grad,few_eddies,large_targets,1.0,1.0,2.0,0.5,0.3333333333333333,0.8314606741573034,0.8314606741573034,0.4738101341536358,0.5689780398188499,0.09812626161427405,2.0
val,20240101_20241231_t00119,3ch,0.15344473719596863,0.48814153674704175,0.05529217621866832,6.0,0.002197265625,high_contrast,mid_flow,mid_grad,few_eddies,small_targets,3.0,1.0,3.0,0.75,0.5,0.7232565333554538,0.7232565333554538,0.7582496660418556,0.9861204308329324,0.06976235327432369,4.0
val,20240101_20241231_t00119,7ch,0.15344473719596863,0.48814153674704175,0.05529217621866832,6.0,0.002197265625,high_contrast,mid_flow,mid_grad,few_eddies,small_targets,1.0,4.0,5.0,0.2,0.16666666666666666,0.8784530386740331,0.8784530386740331,0.5928294463483141,0.968147654515579,0.03856708098429547,5.0
val,20240101_20241231_t00126,3ch,0.15206366777420044,0.4902253432300461,0.055454294162974684,6.0,0.0033496093749999997,high_contrast,mid_flow,mid_grad,few_eddies,large_targets,4.0,3.0,2.0,0.5714285714285714,0.6666666666666666,0.7074940325741139,0.7074940325741139,0.7215055200949839,0.9749713682516636,0.08331443489197987,7.0
val,20240101_20241231_t00126,7ch,0.15206366777420044,0.4902253432300461,0.055454294162974684,6.0,0.0033496093749999997,high_contrast,mid_flow,mid_grad,few_eddies,large_targets,2.0,1.0,4.0,0.6666666666666666,0.3333333333333333,0.7566128109808408,0.7566128109808408,0.7922094508301406,0.9680825496342736,0.08059396286041692,3.0
val,20240101_20241231_t00133,3ch,0.1529640555381775,0.504813546137166,0.057249491269323105,7.0,0.00240234375,high_contrast,mid_flow,mid_grad,few_eddies,small_targets,5.0,0.0,2.0,1.0,0.7142857142857143,0.7493472814370526,0.7493472814370526,0.7394436773652027,0.98872191777475,0.07898354980702063,5.0
val,20240101_20241231_t00133,7ch,0.1529640555381775,0.504813546137166,0.057249491269323105,7.0,0.00240234375,high_contrast,mid_flow,mid_grad,few_eddies,small_targets,2.0,0.0,5.0,1.0,0.2857142857142857,0.8080384380719952,0.8080384380719952,0.7816334790351303,0.9793103448275862,0.06759565942743537,2.0
val,20240101_20241231_t00140,3ch,0.15262380242347717,0.5142185448286207,0.0584755568018839,9.0,0.00291015625,high_contrast,mid_flow,mid_grad,few_eddies,large_targets,6.0,3.0,3.0,0.6666666666666666,0.6666666666666666,0.7650620860843621,0.7650620860843621,0.7174842139131262,0.9853218906702583,0.06850522026822992,9.0
val,20240101_20241231_t00140,7ch,0.15262380242347717,0.5142185448286207,0.0584755568018839,9.0,0.00291015625,high_contrast,mid_flow,mid_grad,few_eddies,large_targets,4.0,2.0,5.0,0.6666666666666666,0.4444444444444444,0.7812813115169219,0.7812813115169219,0.7879242208323957,0.9897380669439492,0.06463294565533084,6.0
val,20240101_20241231_t00147,3ch,0.1521715372800827,0.5183337490037285,0.059592098846110775,8.0,0.0025878906250000003,high_contrast,strong_flow,mid_grad,few_eddies,mid_targets,6.0,1.0,2.0,0.8571428571428571,0.75,0.7117752169020233,0.7117752169020233,0.7493201253814554,0.9810381303558572,0.08247618451018027,7.0
val,20240101_20241231_t00147,7ch,0.1521715372800827,0.5183337490037285,0.059592098846110775,8.0,0.0025878906250000003,high_contrast,strong_flow,mid_grad,few_eddies,mid_targets,2.0,4.0,6.0,0.3333333333333333,0.25,0.716238644304682,0.716238644304682,0.5690190762807489,0.8765259378403251,0.05657823440154461,6.0
val,20240101_20241231_t00154,3ch,0.1519801914691925,0.5218138785724721,0.060226157114262865,12.0,0.00240234375,high_contrast,strong_flow,mid_grad,many_eddies,small_targets,7.0,0.0,5.0,1.0,0.5833333333333334,0.757829092375723,0.757829092375723,0.7693301186041683,0.9708148451146622,0.08193405974549484,7.0
val,20240101_20241231_t00154,7ch,0.1519801914691925,0.5218138785724721,0.060226157114262865,12.0,0.00240234375,high_contrast,strong_flow,mid_grad,many_eddies,small_targets,1.0,3.0,11.0,0.25,0.08333333333333333,0.7142857142857143,0.7142857142857143,0.4616431124106563,0.6933726168402035,0.0759713163107402,4.0
val,20240101_20241231_t00161,3ch,0.15297584235668182,0.5374850160336672,0.06180877160096234,10.0,0.0030078125,high_contrast,strong_flow,complex_grad,mid_eddies,large_targets,7.0,1.0,3.0,0.875,0.7,0.788580229796816,0.788580229796816,0.7928675652746622,0.9874723625508731,0.08971382617263328,8.0
val,20240101_20241231_t00161,7ch,0.15297584235668182,0.5374850160336672,0.06180877160096234,10.0,0.0030078125,high_contrast,strong_flow,complex_grad,mid_eddies,large_targets,4.0,5.0,6.0,0.4444444444444444,0.4,0.7822652422985829,0.7822652422985829,0.5528626902227999,0.7609592124631547,0.09541616764879501,9.0
val,20240101_20241231_t00168,3ch,0.1515682488679886,0.5443322769630663,0.06278686368134692,12.0,0.002431640625,high_contrast,strong_flow,complex_grad,many_eddies,small_targets,6.0,1.0,6.0,0.8571428571428571,0.5,0.7768912146807536,0.7768912146807536,0.7501624317481222,0.9879440616632913,0.07769224180795338,7.0
val,20240101_20241231_t00168,7ch,0.1515682488679886,0.5443322769630663,0.06278686368134692,12.0,0.002431640625,high_contrast,strong_flow,complex_grad,many_eddies,small_targets,4.0,0.0,8.0,1.0,0.3333333333333333,0.7232977427094078,0.7232977427094078,0.7458329081068652,0.9969325153374233,0.059177661733797855,4.0
val,20240101_20241231_t00175,3ch,0.15273766219615936,0.5321224954922934,0.062175965785385576,17.0,0.0026171875,high_contrast,strong_flow,complex_grad,many_eddies,mid_targets,13.0,0.0,4.0,1.0,0.7647058823529411,0.7757610776343037,0.7757610776343037,0.7640954273407832,0.9834741031208398,0.08529183705802187,13.0
val,20240101_20241231_t00175,7ch,0.15273766219615936,0.5321224954922934,0.062175965785385576,17.0,0.0026171875,high_contrast,strong_flow,complex_grad,many_eddies,mid_targets,5.0,2.0,12.0,0.7142857142857143,0.29411764705882354,0.7833331377496138,0.7833331377496138,0.7009703957186001,0.9840044021805749,0.06996665710883178,7.0
val,20240101_20241231_t00182,3ch,0.15129202604293823,0.5365113679523255,0.06236566758628423,11.0,0.0026953125,mid_contrast,strong_flow,complex_grad,mid_eddies,large_targets,8.0,0.0,3.0,1.0,0.7272727272727273,0.7907639737959234,0.7907639737959234,0.7749856294560782,0.9756634394373276,0.0992876786121773,8.0
val,20240101_20241231_t00182,7ch,0.15129202604293823,0.5365113679523255,0.06236566758628423,11.0,0.0026953125,mid_contrast,strong_flow,complex_grad,mid_eddies,large_targets,3.0,4.0,8.0,0.42857142857142855,0.2727272727272727,0.8086055907202153,0.8086055907202153,0.5942681006945933,0.9671085297251972,0.05594067877004857,7.0
val,20240101_20241231_t00189,3ch,0.1510748416185379,0.5251974580066292,0.06074980041908374,13.0,0.00244140625,mid_contrast,strong_flow,mid_grad,many_eddies,small_targets,9.0,0.0,4.0,1.0,0.6923076923076923,0.7700770625507531,0.7700770625507531,0.8009579877962535,0.9858079203756961,0.0877911596239442,9.0
val,20240101_20241231_t00189,7ch,0.1510748416185379,0.5251974580066292,0.06074980041908374,13.0,0.00244140625,mid_contrast,strong_flow,mid_grad,many_eddies,small_targets,5.0,1.0,8.0,0.8333333333333334,0.38461538461538464,0.7910042955067986,0.7910042955067986,0.7474449233114734,0.88221045624057,0.09626268868327253,6.0
val,20240101_20241231_t00196,3ch,0.14897747337818146,0.5367927612972015,0.06302183099627179,12.0,0.003056640625,low_contrast,strong_flow,complex_grad,many_eddies,large_targets,11.0,1.0,1.0,0.9166666666666666,0.9166666666666666,0.8087377437353424,0.8087377437353424,0.7684989526751375,0.9856082850286536,0.08176516190182964,12.0
val,20240101_20241231_t00196,7ch,0.14897747337818146,0.5367927612972015,0.06302183099627179,12.0,0.003056640625,low_contrast,strong_flow,complex_grad,many_eddies,large_targets,6.0,2.0,6.0,0.75,0.5,0.7713364596129498,0.7713364596129498,0.6852944188345056,0.9779693444830948,0.06379078565090018,8.0
val,20240101_20241231_t00203,3ch,0.14777174592018127,0.5413429377877227,0.06373335272631656,13.0,0.00255859375,low_contrast,strong_flow,complex_grad,many_eddies,mid_targets,9.0,0.0,4.0,1.0,0.6923076923076923,0.781219889796303,0.781219889796303,0.7744223338419424,0.9830205243188394,0.08145929490145018,9.0
val,20240101_20241231_t00203,7ch,0.14777174592018127,0.5413429377877227,0.06373335272631656,13.0,0.00255859375,low_contrast,strong_flow,complex_grad,many_eddies,mid_targets,2.0,1.0,11.0,0.6666666666666666,0.15384615384615385,0.7934609250398724,0.7934609250398724,0.7467772622452168,0.9899053109315937,0.06453798759524647,3.0
val,20240101_20241231_t00210,3ch,0.14540526270866394,0.5324298966522665,0.06326718541963433,15.0,0.0028125,low_contrast,strong_flow,complex_grad,many_eddies,large_targets,10.0,1.0,5.0,0.9090909090909091,0.6666666666666666,0.7687353826601246,0.7687353826601246,0.8087199655003965,0.9819781506011389,0.09690562063859504,11.0
val,20240101_20241231_t00210,7ch,0.14540526270866394,0.5324298966522665,0.06326718541963433,15.0,0.0028125,low_contrast,strong_flow,complex_grad,many_eddies,large_targets,4.0,0.0,11.0,1.0,0.26666666666666666,0.6361407927296164,0.6361407927296164,0.7301968110421401,0.9738210413575152,0.0759137827559927,4.0
val,20240101_20241231_t00217,3ch,0.14739300310611725,0.5406626166718761,0.06397607125218109,14.0,0.002529296875,low_contrast,strong_flow,complex_grad,many_eddies,mid_targets,9.0,1.0,5.0,0.9,0.6428571428571429,0.755707981544596,0.755707981544596,0.7728249005400062,0.977030192450709,0.08590095959321015,10.0
val,20240101_20241231_t00217,7ch,0.14739300310611725,0.5406626166718761,0.06397607125218109,14.0,0.002529296875,low_contrast,strong_flow,complex_grad,many_eddies,mid_targets,3.0,1.0,11.0,0.75,0.21428571428571427,0.7847387175001365,0.7847387175001365,0.7701605649710832,0.9755141843971631,0.08470525582854505,4.0
val,20240101_20241231_t00224,3ch,0.14742538332939148,0.5356865816132873,0.06303473844604625,11.0,0.0028125,low_contrast,strong_flow,complex_grad,mid_eddies,large_targets,10.0,0.0,1.0,1.0,0.9090909090909091,0.7685521081910891,0.7685521081910891,0.7502376141962486,0.9757347903831863,0.08147539444791516,10.0
val,20240101_20241231_t00224,7ch,0.14742538332939148,0.5356865816132873,0.06303473844604625,11.0,0.0028125,low_contrast,strong_flow,complex_grad,mid_eddies,large_targets,0.0,3.0,11.0,0.0,0.0,0.0,0.0,0.7033002438174852,0.9877830024381749,0.035232428232232556,3.0
val,20240101_20241231_t00231,3ch,0.1493336707353592,0.5305188744629213,0.062212792097052806,10.0,0.002353515625,mid_contrast,strong_flow,complex_grad,mid_eddies,small_targets,7.0,2.0,3.0,0.7777777777777778,0.7,0.7599063435288974,0.7599063435288974,0.7029218433043725,0.9859376908293993,0.060182106433393376,9.0
val,20240101_20241231_t00231,7ch,0.1493336707353592,0.5305188744629213,0.062212792097052806,10.0,0.002353515625,mid_contrast,strong_flow,complex_grad,mid_eddies,small_targets,1.0,3.0,9.0,0.25,0.1,0.59375,0.59375,0.474167358531277,0.9751157407407407,0.029430648762074612,4.0
val,20240101_20241231_t00238,3ch,0.14919304847717285,0.524204430935194,0.06167191014371988,13.0,0.00298828125,low_contrast,strong_flow,complex_grad,many_eddies,large_targets,9.0,0.0,4.0,1.0,0.6923076923076923,0.7948217164518214,0.7948217164518214,0.7767385220720483,0.9786048506894984,0.08452939417318607,9.0
val,20240101_20241231_t00238,7ch,0.14919304847717285,0.524204430935194,0.06167191014371988,13.0,0.00298828125,low_contrast,strong_flow,complex_grad,many_eddies,large_targets,3.0,2.0,10.0,0.6,0.23076923076923078,0.8273473467715463,0.8273473467715463,0.6983600260288289,0.830739297615996,0.09623737200006684,5.0
val,20240101_20241231_t00245,3ch,0.15040768682956696,0.5156477925770617,0.06027008171552913,11.0,0.002734375,mid_contrast,mid_flow,mid_grad,mid_eddies,large_targets,8.0,1.0,3.0,0.8888888888888888,0.7272727272727273,0.7939781784069191,0.7939781784069191,0.790632735412342,0.9847522057372188,0.0889369795997291,9.0
val,20240101_20241231_t00245,7ch,0.15040768682956696,0.5156477925770617,0.06027008171552913,11.0,0.002734375,mid_contrast,mid_flow,mid_grad,mid_eddies,large_targets,2.0,2.0,9.0,0.5,0.18181818181818182,0.8137164609811506,0.8137164609811506,0.707432669556844,0.8076376827275367,0.10820768943112152,4.0
val,20240101_20241231_t00252,3ch,0.14777490496635437,0.5270995673934495,0.061477495890772865,13.0,0.00240234375,low_contrast,strong_flow,complex_grad,many_eddies,small_targets,9.0,1.0,4.0,0.9,0.6923076923076923,0.7455631996118289,0.7455631996118289,0.7471609101209675,0.9793109625149423,0.07191052819268687,10.0
val,20240101_20241231_t00252,7ch,0.14777490496635437,0.5270995673934495,0.061477495890772865,13.0,0.00240234375,low_contrast,strong_flow,complex_grad,many_eddies,small_targets,3.0,0.0,10.0,1.0,0.23076923076923078,0.7500878602556318,0.7500878602556318,0.8397440236459426,0.9873393801965231,0.07962850267335014,3.0
val,20240101_20241231_t00259,3ch,0.14786171913146973,0.5091458571352149,0.06000706834181565,13.0,0.0025390625,low_contrast,mid_flow,mid_grad,many_eddies,mid_targets,13.0,2.0,0.0,0.8666666666666667,1.0,0.7368645869995081,0.7368645869995081,0.7229262182032239,0.9757260740823007,0.06767486226969342,15.0
val,20240101_20241231_t00259,7ch,0.14786171913146973,0.5091458571352149,0.06000706834181565,13.0,0.0025390625,low_contrast,mid_flow,mid_grad,many_eddies,mid_targets,2.0,2.0,11.0,0.5,0.15384615384615385,0.6886036182428772,0.6886036182428772,0.7601530510130675,0.9604209060390594,0.08310487974678375,4.0
val,20240101_20241231_t00266,3ch,0.14741650223731995,0.5103421221748667,0.0591910930855334,14.0,0.002607421875,low_contrast,mid_flow,mid_grad,many_eddies,mid_targets,11.0,0.0,3.0,1.0,0.7857142857142857,0.7718862828106322,0.7718862828106322,0.7490027600779147,0.9842934430417039,0.0696552357848872,11.0
val,20240101_20241231_t00266,7ch,0.14741650223731995,0.5103421221748667,0.0591910930855334,14.0,0.002607421875,low_contrast,mid_flow,mid_grad,many_eddies,mid_targets,5.0,2.0,9.0,0.7142857142857143,0.35714285714285715,0.7683540148844692,0.7683540148844692,0.6857218410252555,0.8969962246255624,0.0859102026996011,7.0
val,20240101_20241231_t00273,3ch,0.14688877761363983,0.49478681182021766,0.05861940795562843,14.0,0.002265625,low_contrast,mid_flow,mid_grad,many_eddies,small_targets,8.0,0.0,6.0,1.0,0.5714285714285714,0.7885129244655849,0.7885129244655849,0.7961068844083765,0.9738973193495886,0.08091897092730554,8.0
val,20240101_20241231_t00273,7ch,0.14688877761363983,0.49478681182021766,0.05861940795562843,14.0,0.002265625,low_contrast,mid_flow,mid_grad,many_eddies,small_targets,2.0,1.0,12.0,0.6666666666666666,0.14285714285714285,0.7743398823676637,0.7743398823676637,0.624399207541453,0.7615884615895484,0.13167504969438149,3.0
val,20240101_20241231_t00280,3ch,0.1445881426334381,0.4905637797361732,0.05770152898725874,12.0,0.0027734375,low_contrast,mid_flow,mid_grad,many_eddies,large_targets,9.0,1.0,3.0,0.9,0.75,0.7615637361234135,0.7615637361234135,0.7663824368791377,0.9771945124756233,0.07900895001529194,10.0
val,20240101_20241231_t00280,7ch,0.1445881426334381,0.4905637797361732,0.05770152898725874,12.0,0.0027734375,low_contrast,mid_flow,mid_grad,many_eddies,large_targets,3.0,3.0,9.0,0.5,0.25,0.7109984452629602,0.7109984452629602,0.6526078046618554,0.8001880053191598,0.08293401881018578,6.0
val,20240101_20241231_t00287,3ch,0.1460472196340561,0.48701993383168923,0.05673132063413063,10.0,0.0026562499999999998,low_contrast,mid_flow,mid_grad,mid_eddies,mid_targets,7.0,0.0,3.0,1.0,0.7,0.8024370828181644,0.8024370828181644,0.8183972098986931,0.9895318460853657,0.0740852861059312,7.0
val,20240101_20241231_t00287,7ch,0.1460472196340561,0.48701993383168923,0.05673132063413063,10.0,0.0026562499999999998,low_contrast,mid_flow,mid_grad,mid_eddies,mid_targets,3.0,0.0,7.0,1.0,0.3,0.799876633141618,0.799876633141618,0.8214761248852159,0.9982638888888888,0.06895807181638099,3.0
val,20240101_20241231_t00294,3ch,0.14528299868106842,0.4854963736887463,0.05734167548237063,13.0,0.00240234375,low_contrast,mid_flow,mid_grad,many_eddies,small_targets,7.0,2.0,6.0,0.7777777777777778,0.5384615384615384,0.76557403252846,0.76557403252846,0.7583868412065807,0.9693015491727175,0.08928010040428296,9.0
val,20240101_20241231_t00294,7ch,0.14528299868106842,0.4854963736887463,0.05734167548237063,13.0,0.00240234375,low_contrast,mid_flow,mid_grad,many_eddies,small_targets,1.0,0.0,12.0,1.0,0.07692307692307693,0.7669491525423728,0.7669491525423728,0.8127853881278538,0.9908675799086758,0.0913934462111232,1.0
val,20240101_20241231_t00301,3ch,0.14468352496623993,0.4856232340845579,0.05717947183333616,15.0,0.00248046875,low_contrast,mid_flow,mid_grad,many_eddies,mid_targets,8.0,2.0,7.0,0.8,0.5333333333333333,0.7406953308291009,0.7406953308291009,0.8002236053884699,0.9849559550482662,0.07323448761288595,10.0
val,20240101_20241231_t00301,7ch,0.14468352496623993,0.4856232340845579,0.05717947183333616,15.0,0.00248046875,low_contrast,mid_flow,mid_grad,many_eddies,mid_targets,2.0,3.0,13.0,0.4,0.13333333333333333,0.7705797894161083,0.7705797894161083,0.7406856528685323,0.9678505938505939,0.0663713407484262,5.0
val,20240101_20241231_t00308,3ch,0.14524438977241516,0.48561995372126754,0.05712487847861389,15.0,0.0024609375,low_contrast,mid_flow,mid_grad,many_eddies,small_targets,9.0,1.0,6.0,0.9,0.6,0.7538513596662105,0.7538513596662105,0.7583582397540748,0.9595683647800671,0.08774460451964787,10.0
val,20240101_20241231_t00308,7ch,0.14524438977241516,0.48561995372126754,0.05712487847861389,15.0,0.0024609375,low_contrast,mid_flow,mid_grad,many_eddies,small_targets,2.0,2.0,13.0,0.5,0.13333333333333333,0.7368744173355465,0.7368744173355465,0.7041455531228851,0.8371929973024292,0.09251707047314851,4.0
val,20240101_20241231_t00315,3ch,0.1479329615831375,0.47515333896105766,0.05638292516149186,10.0,0.0025097656250000003,low_contrast,weak_flow,mid_grad,mid_eddies,mid_targets,5.0,1.0,5.0,0.8333333333333334,0.5,0.7435645702765117,0.7435645702765117,0.7620392604285656,0.9882208948964245,0.08333343624354901,6.0
val,20240101_20241231_t00315,7ch,0.1479329615831375,0.47515333896105766,0.05638292516149186,10.0,0.0025097656250000003,low_contrast,weak_flow,mid_grad,mid_eddies,mid_targets,1.0,1.0,9.0,0.5,0.1,0.5061224489795918,0.5061224489795918,0.6105263157894737,0.9700292397660819,0.039302997000345494,2.0
val,20240101_20241231_t00322,3ch,0.14644402265548706,0.46658285561268564,0.054751004483199056,10.0,0.002548828125,low_contrast,weak_flow,mid_grad,mid_eddies,mid_targets,6.0,1.0,4.0,0.8571428571428571,0.6,0.7827375065525098,0.7827375065525098,0.7768629437603695,0.9791649774516351,0.07259794495925251,7.0
val,20240101_20241231_t00322,7ch,0.14644402265548706,0.46658285561268564,0.054751004483199056,10.0,0.002548828125,low_contrast,weak_flow,mid_grad,mid_eddies,mid_targets,4.0,0.0,6.0,1.0,0.4,0.7365669720631224,0.7365669720631224,0.818255844521127,0.9868038553633405,0.06268885648347784,4.0
val,20240101_20241231_t00329,3ch,0.1493443250656128,0.4665433977601326,0.05426966464388718,11.0,0.00220703125,mid_contrast,weak_flow,smooth_grad,mid_eddies,small_targets,6.0,0.0,5.0,1.0,0.5454545454545454,0.8018941095723505,0.8018941095723505,0.7869833896759725,0.9926000107347134,0.06574094287738773,6.0
val,20240101_20241231_t00329,7ch,0.1493443250656128,0.4665433977601326,0.05426966464388718,11.0,0.00220703125,mid_contrast,weak_flow,smooth_grad,mid_eddies,small_targets,3.0,0.0,8.0,1.0,0.2727272727272727,0.837842311333444,0.837842311333444,0.85898810186732,0.9925097217581764,0.07917944025237464,3.0
val,20240101_20241231_t00336,3ch,0.14953400194644928,0.4699143819852508,0.055045185968683234,12.0,0.003173828125,mid_contrast,weak_flow,mid_grad,many_eddies,large_targets,11.0,0.0,1.0,1.0,0.9166666666666666,0.7547086979835199,0.7547086979835199,0.786357680268551,0.9820594489933101,0.07402466175928767,11.0
val,20240101_20241231_t00336,7ch,0.14953400194644928,0.4699143819852508,0.055045185968683234,12.0,0.003173828125,mid_contrast,weak_flow,mid_grad,many_eddies,large_targets,5.0,0.0,7.0,1.0,0.4166666666666667,0.7568274079251436,0.7568274079251436,0.8529820031280606,0.9894945740016823,0.08406281466744935,5.0
val,20240101_20241231_t00343,3ch,0.14686830341815948,0.4597558126979464,0.0544081358528085,14.0,0.0025878906250000003,low_contrast,weak_flow,smooth_grad,many_eddies,mid_targets,9.0,2.0,5.0,0.8181818181818182,0.6428571428571429,0.761583738266326,0.761583738266326,0.7651604520926899,0.9772835633685036,0.07973731057813077,11.0
val,20240101_20241231_t00343,7ch,0.14686830341815948,0.4597558126979464,0.0544081358528085,14.0,0.0025878906250000003,low_contrast,weak_flow,smooth_grad,many_eddies,mid_targets,3.0,3.0,11.0,0.5,0.21428571428571427,0.7420176408439135,0.7420176408439135,0.7968634192349741,0.9818999294019862,0.07184570013106727,6.0
val,20240101_20241231_t00350,3ch,0.14684650301933289,0.43546949421570946,0.05194022039576343,12.0,0.0027734375,low_contrast,weak_flow,smooth_grad,many_eddies,large_targets,8.0,1.0,4.0,0.8888888888888888,0.6666666666666666,0.773056394822651,0.773056394822651,0.8034065079736163,0.9578287689506545,0.08707847915121238,9.0
val,20240101_20241231_t00350,7ch,0.14684650301933289,0.43546949421570946,0.05194022039576343,12.0,0.0027734375,low_contrast,weak_flow,smooth_grad,many_eddies,large_targets,4.0,0.0,8.0,1.0,0.3333333333333333,0.81628588798963,0.81628588798963,0.8658916963296983,0.9827586591398747,0.07998324687056729,4.0
val,20240101_20241231_t00357,3ch,0.1487460434436798,0.440578846413998,0.05264490951582778,11.0,0.0026171875,low_contrast,weak_flow,smooth_grad,mid_eddies,mid_targets,10.0,1.0,1.0,0.9090909090909091,0.9090909090909091,0.7435857976900587,0.7435857976900587,0.7699562401727872,0.9743048746898224,0.07006180773358386,11.0
val,20240101_20241231_t00357,7ch,0.1487460434436798,0.440578846413998,0.05264490951582778,11.0,0.0026171875,low_contrast,weak_flow,smooth_grad,mid_eddies,mid_targets,2.0,0.0,9.0,1.0,0.18181818181818182,0.6640230713770728,0.6640230713770728,0.8256048387096775,0.9663385515496521,0.07552696238107204,2.0
val,20240101_20241231_t00364,3ch,0.14837726950645447,0.443001679150269,0.05245369863477941,12.0,0.002353515625,low_contrast,weak_flow,smooth_grad,many_eddies,small_targets,10.0,1.0,2.0,0.9090909090909091,0.8333333333333334,0.7593490222021438,0.7593490222021438,0.7724984691706901,0.9737879158984097,0.07490248963782324,11.0
val,20240101_20241231_t00364,7ch,0.14837726950645447,0.443001679150269,0.05245369863477941,12.0,0.002353515625,low_contrast,weak_flow,smooth_grad,many_eddies,small_targets,1.0,3.0,11.0,0.25,0.08333333333333333,0.5278969957081545,0.5278969957081545,0.32418417366946783,0.36298786181139125,0.20073861536090704,4.0
test,20230101_20231231_t00000,3ch,0.15036331117153168,0.4488790412129015,0.05315711383050947,17.0,0.00224609375,mid_contrast,weak_flow,smooth_grad,many_eddies,small_targets,11.0,0.0,6.0,1.0,0.6470588235294118,0.7678260929395926,0.7678260929395926,0.7669882441299598,0.9747376230397368,0.06869033181411222,11.0
test,20230101_20231231_t00000,7ch,0.15036331117153168,0.4488790412129015,0.05315711383050947,17.0,0.00224609375,mid_contrast,weak_flow,smooth_grad,many_eddies,small_targets,6.0,1.0,11.0,0.8571428571428571,0.35294117647058826,0.7817582060859486,0.7817582060859486,0.8165767700936241,0.9444989324667744,0.06586805331000264,7.0
test,20230101_20231231_t00007,3ch,0.15149140357971191,0.45072433756245395,0.05317037239246665,10.0,0.0025781249999999997,mid_contrast,weak_flow,smooth_grad,mid_eddies,mid_targets,9.0,3.0,1.0,0.75,0.9,0.7624995018149013,0.7624995018149013,0.7845813934758405,0.9865645881560053,0.06894981630000116,12.0
test,20230101_20231231_t00007,7ch,0.15149140357971191,0.45072433756245395,0.05317037239246665,10.0,0.0025781249999999997,mid_contrast,weak_flow,smooth_grad,mid_eddies,mid_targets,4.0,2.0,6.0,0.6666666666666666,0.4,0.7681150593246506,0.7681150593246506,0.7191693809837622,0.8990263422661536,0.08153552797795209,6.0
test,20230101_20231231_t00014,3ch,0.15327297151088715,0.45327387305980643,0.05382712140488003,8.0,0.0029589843750000002,high_contrast,weak_flow,smooth_grad,few_eddies,large_targets,5.0,1.0,3.0,0.8333333333333334,0.625,0.7891245047698674,0.7891245047698674,0.7734772658565059,0.9725703707493848,0.07844316449995102,6.0
test,20230101_20231231_t00014,7ch,0.15327297151088715,0.45327387305980643,0.05382712140488003,8.0,0.0029589843750000002,high_contrast,weak_flow,smooth_grad,few_eddies,large_targets,3.0,0.0,5.0,1.0,0.375,0.8186241498135298,0.8186241498135298,0.8819836242074305,0.9853970778903856,0.07452411620631072,3.0
test,20230101_20231231_t00021,3ch,0.1527385711669922,0.4456042228301449,0.05248603848912902,7.0,0.0025,high_contrast,weak_flow,smooth_grad,few_eddies,mid_targets,5.0,1.0,2.0,0.8333333333333334,0.7142857142857143,0.7939756346945457,0.7939756346945457,0.754183430535534,0.9718304520386779,0.06820643739138656,6.0
test,20230101_20231231_t00021,7ch,0.1527385711669922,0.4456042228301449,0.05248603848912902,7.0,0.0025,high_contrast,weak_flow,smooth_grad,few_eddies,mid_targets,1.0,1.0,6.0,0.5,0.14285714285714285,0.8810408921933085,0.8810408921933085,0.8098313386262195,0.9922680412371134,0.07350533943314391,2.0
test,20230101_20231231_t00028,3ch,0.1518404483795166,0.44705242421886415,0.0527989535397413,7.0,0.0021875,high_contrast,weak_flow,smooth_grad,few_eddies,small_targets,3.0,0.0,4.0,1.0,0.42857142857142855,0.8034795607948194,0.8034795607948194,0.7683280053095146,0.9885057471264368,0.0806470027303288,3.0
test,20230101_20231231_t00028,7ch,0.1518404483795166,0.44705242421886415,0.0527989535397413,7.0,0.0021875,high_contrast,weak_flow,smooth_grad,few_eddies,small_targets,1.0,1.0,6.0,0.5,0.14285714285714285,0.884,0.884,0.5532776294254458,0.6740244637781032,0.1282702568632816,2.0
test,20230101_20231231_t00035,3ch,0.15245452523231506,0.44686990931670656,0.05153275162820032,7.0,0.0030859375,high_contrast,weak_flow,smooth_grad,few_eddies,large_targets,5.0,1.0,2.0,0.8333333333333334,0.7142857142857143,0.7568302406407017,0.7568302406407017,0.7728864168421946,0.9808765770398539,0.07379366309327608,6.0
test,20230101_20231231_t00035,7ch,0.15245452523231506,0.44686990931670656,0.05153275162820032,7.0,0.0030859375,high_contrast,weak_flow,smooth_grad,few_eddies,large_targets,3.0,1.0,4.0,0.75,0.42857142857142855,0.8289532240495071,0.8289532240495071,0.683944576922267,0.8342167738305393,0.09315281459787578,4.0
test,20230101_20231231_t00042,3ch,0.15585145354270935,0.46418284282322386,0.05310205740327416,8.0,0.00236328125,high_contrast,weak_flow,smooth_grad,few_eddies,small_targets,6.0,5.0,2.0,0.5454545454545454,0.75,0.7449522020329695,0.7449522020329695,0.7393831491763435,0.9879789866267911,0.06423489207528019,11.0
test,20230101_20231231_t00042,7ch,0.15585145354270935,0.46418284282322386,0.05310205740327416,8.0,0.00236328125,high_contrast,weak_flow,smooth_grad,few_eddies,small_targets,2.0,0.0,6.0,1.0,0.25,0.8264933880528955,0.8264933880528955,0.8290289157088857,0.9908667037626877,0.07944005259561077,2.0
test,20230101_20231231_t00049,3ch,0.15127335488796234,0.4486193772102039,0.05217393739771342,8.0,0.00255859375,mid_contrast,weak_flow,smooth_grad,few_eddies,mid_targets,5.0,0.0,3.0,1.0,0.625,0.7578722472394308,0.7578722472394308,0.738063114581477,0.9693303684029406,0.06352997432717683,5.0
test,20230101_20231231_t00049,7ch,0.15127335488796234,0.4486193772102039,0.05217393739771342,8.0,0.00255859375,mid_contrast,weak_flow,smooth_grad,few_eddies,mid_targets,2.0,0.0,6.0,1.0,0.25,0.7929707876890976,0.7929707876890976,0.8101604278074866,0.9950237670825905,0.06673988241960131,2.0
test,20230101_20231231_t00056,3ch,0.14928869903087616,0.45350178983891626,0.05211702452290348,9.0,0.00259765625,mid_contrast,weak_flow,smooth_grad,few_eddies,mid_targets,6.0,1.0,3.0,0.8571428571428571,0.6666666666666666,0.701790134447719,0.701790134447719,0.7567378775290229,0.9744486083723409,0.06595934033249555,7.0
test,20230101_20231231_t00056,7ch,0.14928869903087616,0.45350178983891626,0.05211702452290348,9.0,0.00259765625,mid_contrast,weak_flow,smooth_grad,few_eddies,mid_targets,2.0,0.0,7.0,1.0,0.2222222222222222,0.6356112054329373,0.6356112054329373,0.7947794779477948,0.9730535553555355,0.04925232480669614,2.0
test,20230101_20231231_t00063,3ch,0.1517464965581894,0.4490033204582796,0.050668863620935964,11.0,0.00248046875,high_contrast,weak_flow,smooth_grad,mid_eddies,mid_targets,6.0,0.0,5.0,1.0,0.5454545454545454,0.7891856137869083,0.7891856137869083,0.7512289285738113,0.9879118918099166,0.06222573525975352,6.0
test,20230101_20231231_t00063,7ch,0.1517464965581894,0.4490033204582796,0.050668863620935964,11.0,0.00248046875,high_contrast,weak_flow,smooth_grad,mid_eddies,mid_targets,3.0,3.0,8.0,0.5,0.2727272727272727,0.8139177828675485,0.8139177828675485,0.5529340735690695,0.7128841092515223,0.07917115099938431,6.0
test,20230101_20231231_t00070,3ch,0.1523256152868271,0.4486978715427667,0.05096165961751396,7.0,0.0023828125,high_contrast,weak_flow,smooth_grad,few_eddies,small_targets,3.0,0.0,4.0,1.0,0.42857142857142855,0.7827171519101995,0.7827171519101995,0.7604987886335767,0.9755357432190804,0.04718386837963731,3.0
test,20230101_20231231_t00070,7ch,0.1523256152868271,0.4486978715427667,0.05096165961751396,7.0,0.0023828125,high_contrast,weak_flow,smooth_grad,few_eddies,small_targets,2.0,0.0,5.0,1.0,0.2857142857142857,0.7930999359757872,0.7930999359757872,0.8041087362523345,0.9755481773535312,0.04329000860330935,2.0
test,20230101_20231231_t00077,3ch,0.15453653037548065,0.44972544025997857,0.051202741584271856,7.0,0.00283203125,high_contrast,weak_flow,smooth_grad,few_eddies,large_targets,6.0,1.0,1.0,0.8571428571428571,0.8571428571428571,0.7434058895294785,0.7434058895294785,0.7465633159071076,0.9825608167395689,0.06850272753525072,7.0
test,20230101_20231231_t00077,7ch,0.15453653037548065,0.44972544025997857,0.051202741584271856,7.0,0.00283203125,high_contrast,weak_flow,smooth_grad,few_eddies,large_targets,4.0,1.0,3.0,0.8,0.5714285714285714,0.6869983947376109,0.6869983947376109,0.6457855013593207,0.8448224866193634,0.07644451319746247,5.0
test,20230101_20231231_t00084,3ch,0.15292534232139587,0.4644760359803205,0.052538673830252146,5.0,0.00212890625,high_contrast,weak_flow,smooth_grad,few_eddies,small_targets,2.0,1.0,3.0,0.6666666666666666,0.4,0.7607116920842412,0.7607116920842412,0.7617977482716288,0.9882359038142621,0.07506779784640993,3.0
test,20230101_20231231_t00084,7ch,0.15292534232139587,0.4644760359803205,0.052538673830252146,5.0,0.00212890625,high_contrast,weak_flow,smooth_grad,few_eddies,small_targets,1.0,2.0,4.0,0.3333333333333333,0.2,0.8061224489795918,0.8061224489795918,0.44924415525902345,0.7292122785477143,0.08202184180854426,3.0
test,20230101_20231231_t00091,3ch,0.15468505024909973,0.4755448032559245,0.05384373436573547,7.0,0.00267578125,high_contrast,weak_flow,smooth_grad,few_eddies,large_targets,6.0,1.0,1.0,0.8571428571428571,0.8571428571428571,0.7336631807089676,0.7336631807089676,0.7780742466274024,0.9796690588587663,0.08419713764360211,7.0
test,20230101_20231231_t00091,7ch,0.15468505024909973,0.4755448032559245,0.05384373436573547,7.0,0.00267578125,high_contrast,weak_flow,smooth_grad,few_eddies,large_targets,1.0,0.0,6.0,1.0,0.14285714285714285,0.6628787878787878,0.6628787878787878,0.8309178743961353,0.966183574879227,0.11630832370156084,1.0
test,20230101_20231231_t00098,3ch,0.15120458602905273,0.4721347370131511,0.0536284625636871,8.0,0.0025,mid_contrast,weak_flow,smooth_grad,few_eddies,mid_targets,5.0,0.0,3.0,1.0,0.625,0.7567787387166502,0.7567787387166502,0.7553097263658299,0.9765538021907931,0.08665031692832134,5.0
test,20230101_20231231_t00098,7ch,0.15120458602905273,0.4721347370131511,0.0536284625636871,8.0,0.0025,mid_contrast,weak_flow,smooth_grad,few_eddies,mid_targets,2.0,1.0,6.0,0.6666666666666666,0.25,0.790982382800836,0.790982382800836,0.7597517730496454,0.9525670675300647,0.07034733893741411,3.0
test,20230101_20231231_t00105,3ch,0.15341264009475708,0.47754157715041484,0.053795178671667776,9.0,0.00232421875,high_contrast,mid_flow,smooth_grad,few_eddies,small_targets,4.0,2.0,5.0,0.6666666666666666,0.4444444444444444,0.7747871245457538,0.7747871245457538,0.7475476281937853,0.9910796570100574,0.07524219374527953,6.0
test,20230101_20231231_t00105,7ch,0.15341264009475708,0.47754157715041484,0.053795178671667776,9.0,0.00232421875,high_contrast,mid_flow,smooth_grad,few_eddies,small_targets,0.0,0.0,9.0,0.0,0.0,0.0,0.0,0.0,0.0,0.0,0.0
test,20230101_20231231_t00112,3ch,0.15318593382835388,0.47615065512658056,0.053927105885964666,8.0,0.00259765625,high_contrast,mid_flow,smooth_grad,few_eddies,mid_targets,4.0,0.0,4.0,1.0,0.5,0.7660082366437677,0.7660082366437677,0.7263002296459244,0.9436561446429887,0.0807285992143254,4.0
test,20230101_20231231_t00112,7ch,0.15318593382835388,0.47615065512658056,0.053927105885964666,8.0,0.00259765625,high_contrast,mid_flow,smooth_grad,few_eddies,mid_targets,1.0,1.0,7.0,0.5,0.125,0.7740112994350282,0.7740112994350282,0.6123721881390594,0.8974642126789366,0.061820822652637136,2.0
test,20230101_20231231_t00119,3ch,0.15086014568805695,0.4935161996958098,0.05626431373638201,8.0,0.00240234375,mid_contrast,mid_flow,mid_grad,few_eddies,small_targets,5.0,0.0,3.0,1.0,0.625,0.7050463950720014,0.7050463950720014,0.7456683166663917,0.974747013360609,0.07981699010501046,5.0
test,20230101_20231231_t00119,7ch,0.15086014568805695,0.4935161996958098,0.05626431373638201,8.0,0.00240234375,mid_contrast,mid_flow,mid_grad,few_eddies,small_targets,0.0,3.0,8.0,0.0,0.0,0.0,0.0,0.45105859602724335,0.7607388132918143,0.06360045685069732,3.0
test,20230101_20231231_t00126,3ch,0.1519268900156021,0.5144199953781056,0.05816699873849952,9.0,0.00240234375,high_contrast,mid_flow,mid_grad,few_eddies,small_targets,4.0,2.0,5.0,0.6666666666666666,0.4444444444444444,0.7817011937956679,0.7817011937956679,0.785843146357034,0.9673081240310043,0.0860148275521176,6.0
test,20230101_20231231_t00126,7ch,0.1519268900156021,0.5144199953781056,0.05816699873849952,9.0,0.00240234375,high_contrast,mid_flow,mid_grad,few_eddies,small_targets,1.0,1.0,8.0,0.5,0.1111111111111111,0.7402135231316725,0.7402135231316725,0.8089953271028038,0.9929906542056075,0.07355108672792998,2.0
test,20230101_20231231_t00133,3ch,0.1520284116268158,0.5153967008458546,0.058517326199090336,12.0,0.002392578125,high_contrast,mid_flow,mid_grad,many_eddies,small_targets,7.0,1.0,5.0,0.875,0.5833333333333334,0.7611038237729497,0.7611038237729497,0.7443271297485737,0.9518398913500471,0.06998963524363504,8.0
test,20230101_20231231_t00133,7ch,0.1520284116268158,0.5153967008458546,0.058517326199090336,12.0,0.002392578125,high_contrast,mid_flow,mid_grad,many_eddies,small_targets,1.0,1.0,11.0,0.5,0.08333333333333333,0.6409090909090909,0.6409090909090909,0.7147904483430799,0.9885477582846004,0.05719283468494391,2.0
test,20230101_20231231_t00140,3ch,0.15213510394096375,0.5080625494873547,0.05814680774355588,8.0,0.002392578125,high_contrast,mid_flow,mid_grad,few_eddies,small_targets,4.0,2.0,4.0,0.6666666666666666,0.5,0.7246452504760429,0.7246452504760429,0.7291593536163877,0.9853000707550272,0.07328864897366659,6.0
test,20230101_20231231_t00140,7ch,0.15213510394096375,0.5080625494873547,0.05814680774355588,8.0,0.002392578125,high_contrast,mid_flow,mid_grad,few_eddies,small_targets,3.0,1.0,5.0,0.75,0.375,0.6988671547376001,0.6988671547376001,0.6250468943738305,0.7988636035388056,0.10053469243703134,4.0
test,20230101_20231231_t00147,3ch,0.1506163328886032,0.5049456029914355,0.05803233366813331,7.0,0.00248046875,mid_contrast,mid_flow,mid_grad,few_eddies,mid_targets,7.0,1.0,0.0,0.875,1.0,0.7744312078431974,0.7744312078431974,0.7535330369009869,0.9768840435691121,0.07966458885430489,8.0
test,20230101_20231231_t00147,7ch,0.1506163328886032,0.5049456029914355,0.05803233366813331,7.0,0.00248046875,mid_contrast,mid_flow,mid_grad,few_eddies,mid_targets,2.0,1.0,5.0,0.6666666666666666,0.2857142857142857,0.7659321239225304,0.7659321239225304,0.6167402454531168,0.7498797498797499,0.10996869774445624,3.0
test,20230101_20231231_t00154,3ch,0.1508273184299469,0.5027625434863964,0.05735170204562579,6.0,0.002666015625,mid_contrast,mid_flow,mid_grad,few_eddies,large_targets,5.0,1.0,1.0,0.8333333333333334,0.8333333333333334,0.7588064342466386,0.7588064342466386,0.7448742304392919,0.9824394443320891,0.07111276063132632,6.0
test,20230101_20231231_t00154,7ch,0.1508273184299469,0.5027625434863964,0.05735170204562579,6.0,0.002666015625,mid_contrast,mid_flow,mid_grad,few_eddies,large_targets,1.0,1.0,5.0,0.5,0.16666666666666666,0.7619047619047619,0.7619047619047619,0.6036199095022625,0.9854619763538169,0.04296840994664243,2.0
test,20230101_20231231_t00161,3ch,0.15259285271167755,0.5129252537374333,0.058087167238775106,10.0,0.002724609375,high_contrast,mid_flow,mid_grad,mid_eddies,large_targets,9.0,0.0,1.0,1.0,0.9,0.7599385516010605,0.7599385516010605,0.753796797703676,0.9756309118559283,0.07257738749092223,9.0
test,20230101_20231231_t00161,7ch,0.15259285271167755,0.5129252537374333,0.058087167238775106,10.0,0.002724609375,high_contrast,mid_flow,mid_grad,mid_eddies,large_targets,5.0,1.0,5.0,0.8333333333333334,0.5,0.8193904432891564,0.8193904432891564,0.7854828057180471,0.9897923292959798,0.07643870492475992,6.0
test,20230101_20231231_t00168,3ch,0.15419317781925201,0.5354626545072699,0.060470019395151356,11.0,0.00248046875,high_contrast,strong_flow,mid_grad,mid_eddies,mid_targets,7.0,1.0,4.0,0.875,0.6363636363636364,0.7262726705437317,0.7262726705437317,0.7608312587704007,0.9823260677478419,0.08460870704871412,8.0
test,20230101_20231231_t00168,7ch,0.15419317781925201,0.5354626545072699,0.060470019395151356,11.0,0.00248046875,high_contrast,strong_flow,mid_grad,mid_eddies,mid_targets,4.0,0.0,7.0,1.0,0.36363636363636365,0.7953922249598098,0.7953922249598098,0.8441379726204306,0.9834258761010726,0.09169550006650512,4.0
test,20230101_20231231_t00175,3ch,0.1526258885860443,0.5409675633925017,0.06103623081449535,14.0,0.0023730468749999997,high_contrast,strong_flow,complex_grad,many_eddies,small_targets,12.0,0.0,2.0,1.0,0.8571428571428571,0.7581056754355587,0.7581056754355587,0.7462671933022191,0.9792711907545075,0.08336496247762644,12.0
test,20230101_20231231_t00175,7ch,0.1526258885860443,0.5409675633925017,0.06103623081449535,14.0,0.0023730468749999997,high_contrast,strong_flow,complex_grad,many_eddies,small_targets,2.0,0.0,12.0,1.0,0.14285714285714285,0.8130037944826172,0.8130037944826172,0.8242324561403509,0.9791666666666667,0.09166219772217699,2.0
test,20230101_20231231_t00182,3ch,0.15071776509284973,0.5400836046388118,0.06254203985166111,14.0,0.0023828125,mid_contrast,strong_flow,complex_grad,many_eddies,small_targets,10.0,1.0,4.0,0.9090909090909091,0.7142857142857143,0.7879457473323501,0.7879457473323501,0.7690109498060401,0.9769202099593819,0.07300656530497741,11.0
test,20230101_20231231_t00182,7ch,0.15071776509284973,0.5400836046388118,0.06254203985166111,14.0,0.0023828125,mid_contrast,strong_flow,complex_grad,many_eddies,small_targets,3.0,2.0,11.0,0.6,0.21428571428571427,0.8528641344023101,0.8528641344023101,0.7373497749980178,0.9777343484496491,0.07013600336581845,5.0
test,20230101_20231231_t00189,3ch,0.1514558345079422,0.5540404922719557,0.06427151196558457,10.0,0.0025488281250000003,mid_contrast,strong_flow,complex_grad,mid_eddies,mid_targets,8.0,1.0,2.0,0.8888888888888888,0.8,0.7919435289022806,0.7919435289022806,0.79853269130936,0.9862805443924236,0.07980487082286607,9.0
test,20230101_20231231_t00189,7ch,0.1514558345079422,0.5540404922719557,0.06427151196558457,10.0,0.0025488281250000003,mid_contrast,strong_flow,complex_grad,mid_eddies,mid_targets,3.0,3.0,7.0,0.5,0.3,0.8191160320425412,0.8191160320425412,0.6568348418138775,0.9859326249244491,0.06421937310312388,6.0
test,20230101_20231231_t00196,3ch,0.15101714432239532,0.5647212799129624,0.06630275635251096,13.0,0.00232421875,mid_contrast,strong_flow,complex_grad,many_eddies,small_targets,9.0,0.0,4.0,1.0,0.6923076923076923,0.7622149340518996,0.7622149340518996,0.7587047787468836,0.9830958283297385,0.08063140915507283,9.0
test,20230101_20231231_t00196,7ch,0.15101714432239532,0.5647212799129624,0.06630275635251096,13.0,0.00232421875,mid_contrast,strong_flow,complex_grad,many_eddies,small_targets,2.0,0.0,11.0,1.0,0.15384615384615385,0.805640243902439,0.805640243902439,0.8679379633242295,0.9863636363636363,0.08371201030015057,2.0
test,20230101_20231231_t00203,3ch,0.150161474943161,0.5808370621437231,0.0671369402094419,16.0,0.0025,mid_contrast,strong_flow,complex_grad,many_eddies,mid_targets,11.0,2.0,5.0,0.8461538461538461,0.6875,0.7352593143311137,0.7352593143311137,0.7410090523269719,0.9746894836705778,0.07398436427631677,13.0
test,20230101_20231231_t00203,7ch,0.150161474943161,0.5808370621437231,0.0671369402094419,16.0,0.0025,mid_contrast,strong_flow,complex_grad,many_eddies,mid_targets,4.0,4.0,12.0,0.5,0.25,0.7614238049003255,0.7614238049003255,0.6467349609362287,0.8220060068696189,0.094156626216483,8.0
test,20230101_20231231_t00210,3ch,0.1481630802154541,0.5864953072519019,0.06753845757048145,16.0,0.002353515625,low_contrast,strong_flow,complex_grad,many_eddies,small_targets,11.0,2.0,5.0,0.8461538461538461,0.6875,0.7498636241373385,0.7498636241373385,0.7534233438580007,0.9719515021277098,0.08047307748488762,13.0
test,20230101_20231231_t00210,7ch,0.1481630802154541,0.5864953072519019,0.06753845757048145,16.0,0.002353515625,low_contrast,strong_flow,complex_grad,many_eddies,small_targets,3.0,3.0,13.0,0.5,0.1875,0.7157118917585631,0.7157118917585631,0.8006817295947486,0.9831081445325256,0.08803311199032116,6.0
test,20230101_20231231_t00217,3ch,0.14524194598197937,0.5640770680581321,0.06640977138778209,16.0,0.0027832031249999997,low_contrast,strong_flow,complex_grad,many_eddies,large_targets,13.0,3.0,3.0,0.8125,0.8125,0.7630610945046666,0.7630610945046666,0.7535729228181935,0.9814691281488613,0.06996626937710504,16.0
test,20230101_20231231_t00217,7ch,0.14524194598197937,0.5640770680581321,0.06640977138778209,16.0,0.0027832031249999997,low_contrast,strong_flow,complex_grad,many_eddies,large_targets,4.0,1.0,12.0,0.8,0.25,0.8327894581512194,0.8327894581512194,0.8368758095549721,0.987279488597947,0.0628342265202527,5.0
test,20230101_20231231_t00224,3ch,0.14588509500026703,0.559220721175144,0.06570448805741208,9.0,0.0028515625,low_contrast,strong_flow,complex_grad,few_eddies,large_targets,9.0,0.0,0.0,1.0,1.0,0.7580006643412668,0.7580006643412668,0.7582058978262152,0.9792110346778318,0.07537934323516501,9.0
test,20230101_20231231_t00224,7ch,0.14588509500026703,0.559220721175144,0.06570448805741208,9.0,0.0028515625,low_contrast,strong_flow,complex_grad,few_eddies,large_targets,3.0,2.0,6.0,0.6,0.3333333333333333,0.8351855880252149,0.8351855880252149,0.681974757126931,0.848670966714445,0.08587446476761626,5.0
test,20230101_20231231_t00231,3ch,0.14862386882305145,0.5350210556423761,0.06299695029976494,12.0,0.00283203125,low_contrast,strong_flow,complex_grad,many_eddies,large_targets,8.0,4.0,4.0,0.6666666666666666,0.6666666666666666,0.7648210640208888,0.7648210640208888,0.7321834788762693,0.9842623061607263,0.07228507939423269,12.0
test,20230101_20231231_t00231,7ch,0.14862386882305145,0.5350210556423761,0.06299695029976494,12.0,0.00283203125,low_contrast,strong_flow,complex_grad,many_eddies,large_targets,6.0,3.0,6.0,0.6666666666666666,0.5,0.7460790303286879,0.7460790303286879,0.7622698147087292,0.9687209326858246,0.06736071024311915,9.0
test,20230101_20231231_t00238,3ch,0.14879418909549713,0.5420437643595711,0.0638846106248227,15.0,0.0027734375,low_contrast,strong_flow,complex_grad,many_eddies,large_targets,14.0,1.0,1.0,0.9333333333333333,0.9333333333333333,0.7621018766188381,0.7621018766188381,0.7427248976477168,0.9912118048150416,0.0691559500872819,15.0
test,20230101_20231231_t00238,7ch,0.14879418909549713,0.5420437643595711,0.0638846106248227,15.0,0.0027734375,low_contrast,strong_flow,complex_grad,many_eddies,large_targets,3.0,2.0,12.0,0.6,0.2,0.787407292619361,0.787407292619361,0.6751270492772613,0.9839000561131135,0.05665732687710691,5.0
test,20230101_20231231_t00245,3ch,0.14694733917713165,0.5401339087445152,0.06364406099491644,12.0,0.003212890625,low_contrast,strong_flow,complex_grad,many_eddies,large_targets,11.0,4.0,1.0,0.7333333333333333,0.9166666666666666,0.775133895085411,0.775133895085411,0.7459715914925057,0.9845872118373699,0.07481491070371288,15.0
test,20230101_20231231_t00245,7ch,0.14694733917713165,0.5401339087445152,0.06364406099491644,12.0,0.003212890625,low_contrast,strong_flow,complex_grad,many_eddies,large_targets,5.0,2.0,7.0,0.7142857142857143,0.4166666666666667,0.7516869403046741,0.7516869403046741,0.7723547404051593,0.9915532018354762,0.07004859296888488,7.0
test,20230101_20231231_t00252,3ch,0.14941871166229248,0.5331210718898995,0.06251252875217818,11.0,0.00291015625,mid_contrast,strong_flow,complex_grad,mid_eddies,large_targets,10.0,2.0,1.0,0.8333333333333334,0.9090909090909091,0.7358656836525989,0.7358656836525989,0.7013207489993265,0.9848584437064054,0.06518857204582328,12.0
test,20230101_20231231_t00252,7ch,0.14941871166229248,0.5331210718898995,0.06251252875217818,11.0,0.00291015625,mid_contrast,strong_flow,complex_grad,mid_eddies,large_targets,3.0,3.0,8.0,0.5,0.2727272727272727,0.7328472616900178,0.7328472616900178,0.5742508920523025,0.7595175654765991,0.09004836964270636,6.0
test,20230101_20231231_t00259,3ch,0.14816801249980927,0.5270097710951911,0.06202024267110139,13.0,0.00234375,low_contrast,strong_flow,complex_grad,many_eddies,small_targets,6.0,1.0,7.0,0.8571428571428571,0.46153846153846156,0.7945101686851554,0.7945101686851554,0.7819541677813219,0.9764331410310073,0.07731635702892237,7.0
test,20230101_20231231_t00259,7ch,0.14816801249980927,0.5270097710951911,0.06202024267110139,13.0,0.00234375,low_contrast,strong_flow,complex_grad,many_eddies,small_targets,5.0,1.0,8.0,0.8333333333333334,0.38461538461538464,0.7773096201211673,0.7773096201211673,0.738461071950873,0.9741552509689244,0.06518405727877077,6.0
test,20230101_20231231_t00266,3ch,0.148757204413414,0.527741883665385,0.06277262126082095,12.0,0.002939453125,low_contrast,strong_flow,complex_grad,many_eddies,large_targets,10.0,3.0,2.0,0.7692307692307693,0.8333333333333334,0.7903826380461678,0.7903826380461678,0.7743309464865512,0.9785242860394037,0.0793350049472851,13.0
test,20230101_20231231_t00266,7ch,0.148757204413414,0.527741883665385,0.06277262126082095,12.0,0.002939453125,low_contrast,strong_flow,complex_grad,many_eddies,large_targets,6.0,2.0,6.0,0.75,0.5,0.8366168941706976,0.8366168941706976,0.8421951747731292,0.9873837207714284,0.07910791469852438,8.0
test,20230101_20231231_t00273,3ch,0.15002237260341644,0.5125951715393189,0.06144710326542303,12.0,0.003017578125,mid_contrast,mid_flow,complex_grad,many_eddies,large_targets,11.0,0.0,1.0,1.0,0.9166666666666666,0.7719517021275452,0.7719517021275452,0.758899535907176,0.9804570555961507,0.07199876837278099,11.0
test,20230101_20231231_t00273,7ch,0.15002237260341644,0.5125951715393189,0.06144710326542303,12.0,0.003017578125,mid_contrast,mid_flow,complex_grad,many_eddies,large_targets,6.0,2.0,6.0,0.75,0.5,0.7675561621712306,0.7675561621712306,0.7697887509204844,0.9213488149242284,0.08582174815024732,8.0
test,20230101_20231231_t00280,3ch,0.15022234618663788,0.5288218787840158,0.06311202143600636,14.0,0.00234375,mid_contrast,strong_flow,complex_grad,many_eddies,small_targets,9.0,2.0,5.0,0.8181818181818182,0.6428571428571429,0.7708190210225122,0.7708190210225122,0.7800342754033401,0.9809660915913987,0.0822437104591839,11.0
test,20230101_20231231_t00280,7ch,0.15022234618663788,0.5288218787840158,0.06311202143600636,14.0,0.00234375,mid_contrast,strong_flow,complex_grad,many_eddies,small_targets,5.0,3.0,9.0,0.625,0.35714285714285715,0.7647873764342675,0.7647873764342675,0.7055682104189032,0.869184201594255,0.09354930946966183,8.0
test,20230101_20231231_t00287,3ch,0.1487555056810379,0.5165054034972362,0.0619924410795378,12.0,0.003125,low_contrast,mid_flow,complex_grad,many_eddies,large_targets,9.0,0.0,3.0,1.0,0.75,0.733360415863022,0.733360415863022,0.7505117106343691,0.9799023623727321,0.0719513025724656,9.0
test,20230101_20231231_t00287,7ch,0.1487555056810379,0.5165054034972362,0.0619924410795378,12.0,0.003125,low_contrast,mid_flow,complex_grad,many_eddies,large_targets,4.0,2.0,8.0,0.6666666666666666,0.3333333333333333,0.7103937695866986,0.7103937695866986,0.7639091666901923,0.9602560224351032,0.06954527972393658,6.0
test,20230101_20231231_t00294,3ch,0.15072384476661682,0.5147998612609287,0.06184972716978648,11.0,0.0024609375,mid_contrast,mid_flow,complex_grad,mid_eddies,small_targets,8.0,3.0,3.0,0.7272727272727273,0.7272727272727273,0.7391027079566632,0.7391027079566632,0.7581858787595442,0.98307660579488,0.07157145122640583,11.0
test,20230101_20231231_t00294,7ch,0.15072384476661682,0.5147998612609287,0.06184972716978648,11.0,0.0024609375,mid_contrast,mid_flow,complex_grad,mid_eddies,small_targets,3.0,2.0,8.0,0.6,0.2727272727272727,0.7441297282657761,0.7441297282657761,0.7883582423027786,0.9699209801013378,0.07307919786676875,5.0
test,20230101_20231231_t00301,3ch,0.1525309681892395,0.5176246825251951,0.06083773705959065,15.0,0.0026171875,high_contrast,strong_flow,complex_grad,many_eddies,mid_targets,10.0,1.0,5.0,0.9090909090909091,0.6666666666666666,0.767680570581366,0.767680570581366,0.7973942941742156,0.9862608587632796,0.0747785225816403,11.0
test,20230101_20231231_t00301,7ch,0.1525309681892395,0.5176246825251951,0.06083773705959065,15.0,0.0026171875,high_contrast,strong_flow,complex_grad,many_eddies,mid_targets,4.0,2.0,11.0,0.6666666666666666,0.26666666666666666,0.7151715828126557,0.7151715828126557,0.8250137135418387,0.9876256386998364,0.06638743961573053,6.0
test,20230101_20231231_t00308,3ch,0.14921525120735168,0.5174160428392808,0.06171978203123562,14.0,0.002158203125,mid_contrast,strong_flow,complex_grad,many_eddies,small_targets,7.0,0.0,7.0,1.0,0.5,0.7382732755631599,0.7382732755631599,0.7700407534352122,0.9779896964001368,0.08025719612380255,7.0
test,20230101_20231231_t00308,7ch,0.14921525120735168,0.5174160428392808,0.06171978203123562,14.0,0.002158203125,mid_contrast,strong_flow,complex_grad,many_eddies,small_targets,3.0,4.0,11.0,0.42857142857142855,0.21428571428571427,0.6740926079243286,0.6740926079243286,0.7464039348356807,0.9110980962923403,0.07278255700281404,7.0
test,20230101_20231231_t00315,3ch,0.1485523283481598,0.5206755591948273,0.06187436869161014,12.0,0.002919921875,low_contrast,strong_flow,complex_grad,many_eddies,large_targets,7.0,0.0,5.0,1.0,0.5833333333333334,0.781980382442091,0.781980382442091,0.7617382011264366,0.9739225671608939,0.08692595421556752,7.0
test,20230101_20231231_t00315,7ch,0.1485523283481598,0.5206755591948273,0.06187436869161014,12.0,0.002919921875,low_contrast,strong_flow,complex_grad,many_eddies,large_targets,4.0,1.0,8.0,0.8,0.3333333333333333,0.780572716887799,0.780572716887799,0.7822607640333962,0.9781683504228738,0.08452699571036396,5.0
test,20230101_20231231_t00322,3ch,0.1498197615146637,0.5123110731663953,0.060946603476327375,13.0,0.00259765625,mid_contrast,mid_flow,complex_grad,many_eddies,mid_targets,5.0,1.0,8.0,0.8333333333333334,0.38461538461538464,0.7661924240091313,0.7661924240091313,0.7484725396939277,0.9836587175100157,0.07199058219335547,6.0
test,20230101_20231231_t00322,7ch,0.1498197615146637,0.5123110731663953,0.060946603476327375,13.0,0.00259765625,mid_contrast,mid_flow,complex_grad,many_eddies,mid_targets,1.0,0.0,12.0,1.0,0.07692307692307693,0.7570093457943925,0.7570093457943925,0.8690909090909091,0.9963636363636363,0.09887665485297276,1.0
test,20230101_20231231_t00329,3ch,0.147310271859169,0.5201990405748994,0.06154046840046932,11.0,0.00259765625,low_contrast,strong_flow,complex_grad,mid_eddies,mid_targets,9.0,3.0,2.0,0.75,0.8181818181818182,0.7554048911125993,0.7554048911125993,0.7624513402804586,0.9785429866763845,0.08077527070341746,12.0
test,20230101_20231231_t00329,7ch,0.147310271859169,0.5201990405748994,0.06154046840046932,11.0,0.00259765625,low_contrast,strong_flow,complex_grad,mid_eddies,mid_targets,2.0,1.0,9.0,0.6666666666666666,0.18181818181818182,0.7428533561699698,0.7428533561699698,0.8130664104206705,0.9707142857142858,0.06969568552948031,3.0
test,20230101_20231231_t00336,3ch,0.14798328280448914,0.5086483929516732,0.059320683579891155,11.0,0.00244140625,low_contrast,mid_flow,mid_grad,mid_eddies,small_targets,6.0,1.0,5.0,0.8571428571428571,0.5454545454545454,0.7742763905537035,0.7742763905537035,0.7783692902620591,0.9715738319447774,0.0743329545564824,7.0
test,20230101_20231231_t00336,7ch,0.14798328280448914,0.5086483929516732,0.059320683579891155,11.0,0.00244140625,low_contrast,mid_flow,mid_grad,mid_eddies,small_targets,1.0,0.0,10.0,1.0,0.09090909090909091,0.7589743589743589,0.7589743589743589,0.7700534759358288,0.9946524064171123,0.05122504500691603,1.0
test,20230101_20231231_t00343,3ch,0.14851975440979004,0.4950526231431884,0.058592399192886314,10.0,0.0024707031250000002,low_contrast,mid_flow,mid_grad,mid_eddies,mid_targets,8.0,2.0,2.0,0.8,0.8,0.8036827393081343,0.8036827393081343,0.7910877291643696,0.961633677336712,0.07222766845481501,10.0
test,20230101_20231231_t00343,7ch,0.14851975440979004,0.4950526231431884,0.058592399192886314,10.0,0.0024707031250000002,low_contrast,mid_flow,mid_grad,mid_eddies,mid_targets,1.0,0.0,9.0,1.0,0.1,0.760797342192691,0.760797342192691,0.7992831541218638,0.953405017921147,0.059815034141198105,1.0
test,20230101_20231231_t00350,3ch,0.1459527611732483,0.47316117947262804,0.05611206195027868,14.0,0.002578125,low_contrast,weak_flow,mid_grad,many_eddies,mid_targets,12.0,3.0,2.0,0.8,0.8571428571428571,0.7524447366041175,0.7524447366041175,0.7711582918715482,0.9785248564100826,0.07280485301111321,15.0
test,20230101_20231231_t00350,7ch,0.1459527611732483,0.47316117947262804,0.05611206195027868,14.0,0.002578125,low_contrast,weak_flow,mid_grad,many_eddies,mid_targets,3.0,1.0,11.0,0.75,0.21428571428571427,0.7593784575096887,0.7593784575096887,0.8225082400787198,0.9749974577994712,0.07516708044941026,4.0
test,20230101_20231231_t00357,3ch,0.14969679713249207,0.48135222862186267,0.05622369162501714,11.0,0.0029296875,mid_contrast,mid_flow,mid_grad,mid_eddies,large_targets,10.0,4.0,1.0,0.7142857142857143,0.9090909090909091,0.7613791839768415,0.7613791839768415,0.7600953725792277,0.9843914546163246,0.07018195553433301,14.0
test,20230101_20231231_t00357,7ch,0.14969679713249207,0.48135222862186267,0.05622369162501714,11.0,0.0029296875,mid_contrast,mid_flow,mid_grad,mid_eddies,large_targets,4.0,1.0,7.0,0.8,0.36363636363636365,0.8100474384379093,0.8100474384379093,0.7696847693541852,0.9915897558831755,0.0589095780604047,5.0
test,20230101_20231231_t00364,3ch,0.1500433385372162,0.494391812228611,0.05692341785722718,13.0,0.0026171875,mid_contrast,mid_flow,mid_grad,many_eddies,mid_targets,11.0,1.0,2.0,0.9166666666666666,0.8461538461538461,0.7842614611453783,0.7842614611453783,0.7674342529301552,0.976439779193242,0.07271227323528488,12.0
test,20230101_20231231_t00364,7ch,0.1500433385372162,0.494391812228611,0.05692341785722718,13.0,0.0026171875,mid_contrast,mid_flow,mid_grad,many_eddies,mid_targets,2.0,1.0,11.0,0.6666666666666666,0.15384615384615385,0.8291458346518152,0.8291458346518152,0.794290609628033,0.9778772637668344,0.05574306244484825,3.0
