stem,split,method,n_gt,n_pred,precision,recall,mean_iou,tp,fp,fn,small_recall,small_n,boundary_roughness,boundary_grad,merge_errors,split_errors,union_area_frac,ow_inst_count_std,ow_area_frac_std,ow_inst_count_range
20240101_20241231_t00001,val,ow_rule,12,12,1.0,1.0,1.0,12.0,0.0,0.0,1.0,4,5.811385157507215,0.07455131209844022,0.0,0.0,0.035859375,3.191786333700926,0.009993765795076735,9.0
20240101_20241231_t00002,val,ow_rule,10,10,1.0,1.0,1.0,10.0,0.0,0.0,1.0,3,5.399362881402526,0.07792684604979253,0.0,0.0,0.0304296875,2.947456530637899,0.008971749100022656,8.0
20240101_20241231_t00003,val,ow_rule,12,12,1.0,1.0,1.0,12.0,0.0,0.0,1.0,4,5.808679259979292,0.07242150993792305,0.0,0.0,0.03521484375,2.8284271247461903,0.00898511269899399,8.0
20240101_20241231_t00004,val,ow_rule,13,13,1.0,1.0,1.0,13.0,0.0,0.0,1.0,5,5.96728881743848,0.07339606768506354,0.0,0.0,0.03794921875,2.7726341266023544,0.008963315746261274,7.0
20240101_20241231_t00005,val,ow_rule,10,10,1.0,1.0,1.0,10.0,0.0,0.0,1.0,3,5.963222266741029,0.07733612688147933,0.0,0.0,0.03162109375,3.3541019662496847,0.010134898115943577,9.0
20240101_20241231_t00006,val,ow_rule,10,10,1.0,1.0,1.0,10.0,0.0,0.0,1.0,3,5.759241295819021,0.06935120198702997,0.0,0.0,0.03068359375,2.5495097567963922,0.007518090048069802,7.0
20240101_20241231_t00007,val,ow_rule,12,12,1.0,1.0,1.0,12.0,0.0,0.0,1.0,4,5.599972757182907,0.07094799774921481,0.0,0.0,0.03513671875,2.165063509461097,0.008021370180337481,6.0
20240101_20241231_t00008,val,ow_rule,12,12,1.0,1.0,1.0,12.0,0.0,0.0,1.0,4,5.508275751498353,0.07049269707863223,0.0,0.0,0.03353515625,2.48746859276655,0.00920890152733147,7.0
20240101_20241231_t00009,val,ow_rule,13,13,1.0,1.0,1.0,13.0,0.0,0.0,1.0,4,5.6189949155463585,0.07406479151930462,0.0,0.0,0.0351953125,2.8284271247461903,0.008553632557938078,8.0
20240101_20241231_t00010,val,ow_rule,12,12,1.0,1.0,1.0,12.0,0.0,0.0,1.0,4,5.909781205839252,0.07591819243412935,0.0,0.0,0.03732421875,2.8613807855648994,0.00934642250855888,8.0
20240101_20241231_t00011,val,ow_rule,13,13,1.0,1.0,1.0,13.0,0.0,0.0,1.0,4,6.169954873319762,0.0700807735147355,0.0,0.0,0.041328125,2.48746859276655,0.00902832427367747,7.0
20240101_20241231_t00012,val,ow_rule,11,11,1.0,1.0,1.0,11.0,0.0,0.0,1.0,4,5.609295125254608,0.07016645196602317,0.0,0.0,0.0327734375,1.8027756377319946,0.006211895179090148,5.0
20240101_20241231_t00013,val,ow_rule,10,10,1.0,1.0,1.0,10.0,0.0,0.0,1.0,3,5.767242526778811,0.06903152158318762,0.0,0.0,0.0283984375,1.7853571071357126,0.0065439598130015795,5.0
20240101_20241231_t00014,val,ow_rule,10,10,1.0,1.0,1.0,10.0,0.0,0.0,1.0,3,5.694994233449915,0.07248268777162994,0.0,0.0,0.03064453125,1.5,0.005417061815765103,4.0
20240101_20241231_t00015,val,ow_rule,8,8,1.0,1.0,1.0,8.0,0.0,0.0,1.0,3,5.586802244626421,0.07022211426251583,0.0,0.0,0.0244921875,1.0897247358851685,0.004236106490391504,3.0
20240101_20241231_t00016,val,ow_rule,9,9,1.0,1.0,1.0,9.0,0.0,0.0,1.0,3,5.667329751867793,0.06937892316867589,0.0,0.0,0.0265234375,1.5,0.005581462641613448,4.0
20240101_20241231_t00017,val,ow_rule,8,8,1.0,1.0,1.0,8.0,0.0,0.0,1.0,3,5.168403012283005,0.06888186803385876,0.0,0.0,0.023046875,1.4142135623730951,0.004192684323575793,4.0
20240101_20241231_t00018,val,ow_rule,10,10,1.0,1.0,1.0,10.0,0.0,0.0,1.0,3,5.616705930984743,0.0704234038469703,0.0,0.0,0.028671875,2.48746859276655,0.008138702282666827,7.0
20240101_20241231_t00019,val,ow_rule,9,9,1.0,1.0,1.0,9.0,0.0,0.0,1.0,3,5.687498286142081,0.07155103855858552,0.0,0.0,0.0275390625,2.48746859276655,0.007249138287602243,7.0
20240101_20241231_t00020,val,ow_rule,7,7,1.0,1.0,1.0,7.0,0.0,0.0,1.0,2,5.570174037179808,0.07803987203734301,0.0,0.0,0.02216796875,2.947456530637899,0.007832134750329215,8.0
20240101_20241231_t00021,val,ow_rule,9,9,1.0,1.0,1.0,9.0,0.0,0.0,1.0,3,5.167797960901877,0.07648148512047276,0.0,0.0,0.02478515625,2.8722813232690143,0.008131224375515085,8.0
20240101_20241231_t00022,val,ow_rule,9,9,1.0,1.0,1.0,9.0,0.0,0.0,1.0,3,4.96984438418924,0.07731362362054453,0.0,0.0,0.0249609375,1.479019945774904,0.004485949621978081,4.0
20240101_20241231_t00023,val,ow_rule,9,9,1.0,1.0,1.0,9.0,0.0,0.0,1.0,3,5.155598034832,0.07724616864118833,0.0,0.0,0.025078125,2.48746859276655,0.007168753682329319,7.0
20240101_20241231_t00024,val,ow_rule,7,7,1.0,1.0,1.0,7.0,0.0,0.0,1.0,2,5.20902738807503,0.07791614488388124,0.0,0.0,0.02166015625,2.0615528128088303,0.006175312099214505,5.0
20240101_20241231_t00025,val,ow_rule,6,6,1.0,1.0,1.0,6.0,0.0,0.0,1.0,2,5.192654529096541,0.08021919629264379,0.0,0.0,0.01916015625,1.6393596310755,0.004846476126121376,4.0
20240101_20241231_t00026,val,ow_rule,8,8,1.0,1.0,1.0,8.0,0.0,0.0,1.0,3,4.952788943470241,0.07868407433849897,0.0,0.0,0.02287109375,2.179449471770337,0.005986718418659457,6.0
20240101_20241231_t00027,val,ow_rule,9,9,1.0,1.0,1.0,9.0,0.0,0.0,1.0,3,5.1889497139787055,0.07819485781757257,0.0,0.0,0.02546875,2.947456530637899,0.008899901955310966,8.0
20240101_20241231_t00028,val,ow_rule,10,10,1.0,1.0,1.0,10.0,0.0,0.0,1.0,3,5.063806494534732,0.07797880058903768,0.0,0.0,0.02888671875,2.5495097567963922,0.008210531614890042,7.0
20240101_20241231_t00029,val,ow_rule,11,11,1.0,1.0,1.0,11.0,0.0,0.0,1.0,4,5.29621452343536,0.06965000159988821,0.0,0.0,0.03203125,2.179449471770337,0.006708508159499714,6.0
20240101_20241231_t00030,val,ow_rule,10,10,1.0,1.0,1.0,10.0,0.0,0.0,1.0,3,5.2986995365813945,0.07861122494754971,0.0,0.0,0.03091796875,2.5860201081971503,0.00747485076857399,7.0
20240101_20241231_t00031,val,ow_rule,10,10,1.0,1.0,1.0,10.0,0.0,0.0,1.0,3,5.632182660390992,0.0732207856054441,0.0,0.0,0.03046875,1.7853571071357126,0.006462444309607082,5.0
20240101_20241231_t00032,val,ow_rule,8,8,1.0,1.0,1.0,8.0,0.0,0.0,1.0,3,5.723724100315723,0.07784704404447662,0.0,0.0,0.0269140625,1.7853571071357126,0.008247524178970478,5.0
20240101_20241231_t00033,val,ow_rule,8,8,1.0,1.0,1.0,8.0,0.0,0.0,1.0,3,5.470073865217478,0.07648641804069073,0.0,0.0,0.02369140625,1.5,0.005716643315407501,4.0
20240101_20241231_t00034,val,ow_rule,8,8,1.0,1.0,1.0,8.0,0.0,0.0,1.0,3,5.963905913569794,0.07226444646881228,0.0,0.0,0.02759765625,1.0897247358851685,0.004837849622605819,3.0
20240101_20241231_t00035,val,ow_rule,6,6,1.0,1.0,1.0,6.0,0.0,0.0,1.0,2,5.594177809152394,0.06856731287866386,0.0,0.0,0.024765625,0.7071067811865476,0.003630751158285111,2.0
20240101_20241231_t00036,val,ow_rule,7,7,1.0,1.0,1.0,7.0,0.0,0.0,1.0,2,4.863645767025511,0.07096778626213576,0.0,0.0,0.025390625,1.4142135623730951,0.00489134995812422,4.0
20240101_20241231_t00037,val,ow_rule,10,10,1.0,1.0,1.0,10.0,0.0,0.0,1.0,3,5.054336351014528,0.07850300270192259,0.0,0.0,0.0326171875,1.7853571071357126,0.005282769881727861,5.0
20240101_20241231_t00038,val,ow_rule,9,9,1.0,1.0,1.0,9.0,0.0,0.0,1.0,3,5.002726971256274,0.07398790333143035,0.0,0.0,0.03029296875,0.8660254037844386,0.002805722866378196,2.0
20240101_20241231_t00039,val,ow_rule,6,6,1.0,1.0,1.0,6.0,0.0,0.0,1.0,2,5.09180230676987,0.07820615604071803,0.0,0.0,0.023671875,2.0463381929681126,0.005838461619862623,5.0
20240101_20241231_t00040,val,ow_rule,8,8,1.0,1.0,1.0,8.0,0.0,0.0,1.0,3,5.158628931965447,0.0771254989455114,0.0,0.0,0.02439453125,3.0,0.008058461856178745,8.0
20240101_20241231_t00041,val,ow_rule,11,11,1.0,1.0,1.0,11.0,0.0,0.0,1.0,4,5.428330607742873,0.070360812517394,0.0,0.0,0.03146484375,2.1213203435596424,0.007058721493703472,6.0
20240101_20241231_t00042,val,ow_rule,10,10,1.0,1.0,1.0,10.0,0.0,0.0,1.0,3,5.263167822004859,0.07232178895898429,0.0,0.0,0.0286328125,2.179449471770337,0.007317475737181886,6.0
20240101_20241231_t00043,val,ow_rule,9,9,1.0,1.0,1.0,9.0,0.0,0.0,1.0,3,5.645625515508298,0.07600000580358379,0.0,0.0,0.02806640625,2.277608394786075,0.006981805520764164,6.0
20240101_20241231_t00044,val,ow_rule,7,7,1.0,1.0,1.0,7.0,0.0,0.0,1.0,2,5.961470681364067,0.07686440080640125,0.0,0.0,0.02494140625,2.692582403567252,0.0072864193882332,7.0
20240101_20241231_t00045,val,ow_rule,9,9,1.0,1.0,1.0,9.0,0.0,0.0,1.0,3,6.248073093699298,0.07582743714584801,0.0,0.0,0.03005859375,2.179449471770337,0.006131434194615313,6.0
20240101_20241231_t00046,val,ow_rule,9,9,1.0,1.0,1.0,9.0,0.0,0.0,1.0,3,6.536291672115134,0.076318785845706,0.0,0.0,0.03046875,2.958039891549808,0.009181436574973507,8.0
20240101_20241231_t00047,val,ow_rule,11,11,1.0,1.0,1.0,11.0,0.0,0.0,1.0,4,5.7810483070269845,0.07554270348642059,0.0,0.0,0.03107421875,3.2691742076555053,0.009075648536312726,9.0
20240101_20241231_t00048,val,ow_rule,10,10,1.0,1.0,1.0,10.0,0.0,0.0,1.0,3,6.447866862796995,0.07449173433002836,0.0,0.0,0.03154296875,2.48746859276655,0.009113325777039072,7.0
20240101_20241231_t00049,val,ow_rule,10,10,1.0,1.0,1.0,10.0,0.0,0.0,1.0,3,5.635028897943163,0.07368512337066507,0.0,0.0,0.0275,3.2691742076555053,0.00984185457903492,9.0
20240101_20241231_t00050,val,ow_rule,9,9,1.0,1.0,1.0,9.0,0.0,0.0,1.0,3,5.885041587914373,0.07473505920581312,0.0,0.0,0.0233984375,4.716990566028302,0.01250599812602388,13.0
20240101_20241231_t00051,val,ow_rule,7,7,1.0,1.0,1.0,7.0,0.0,0.0,1.0,2,5.408732515795639,0.07443657420696015,0.0,0.0,0.01880859375,4.716990566028302,0.011645681831771091,13.0
20240101_20241231_t00052,val,ow_rule,8,8,1.0,1.0,1.0,8.0,0.0,0.0,1.0,5,6.947719668074139,0.06548866755079097,0.0,0.0,0.02404296875,3.570714214271425,0.010839653494600076,10.0
20240101_20241231_t00053,val,ow_rule,11,11,1.0,1.0,1.0,11.0,0.0,0.0,1.0,4,6.596879742823041,0.0737022417883365,0.0,0.0,0.02974609375,4.242640687119285,0.012454958829746631,12.0
20240101_20241231_t00054,val,ow_rule,7,7,1.0,1.0,1.0,7.0,0.0,0.0,1.0,2,6.54675076189204,0.06866392142697565,0.0,0.0,0.02015625,3.418698582794336,0.00871578611906808,9.0
20240101_20241231_t00055,val,ow_rule,7,7,1.0,1.0,1.0,7.0,0.0,0.0,1.0,2,6.155793303027687,0.07061007942458933,0.0,0.0,0.02033203125,4.183300132670378,0.010428236956934199,11.0
20240101_20241231_t00056,val,ow_rule,6,6,1.0,1.0,1.0,6.0,0.0,0.0,1.0,2,5.632463816102102,0.07886925058717066,0.0,0.0,0.0188671875,2.165063509461097,0.006251851761200896,5.0
20240101_20241231_t00057,val,ow_rule,9,9,1.0,1.0,1.0,9.0,0.0,0.0,1.0,3,6.610683511051008,0.06667924355000462,0.0,0.0,0.02568359375,2.48746859276655,0.008338121151412489,7.0
20240101_20241231_t00058,val,ow_rule,8,8,1.0,1.0,1.0,8.0,0.0,0.0,1.0,3,6.644029892602419,0.0636779948299567,0.0,0.0,0.02169921875,2.8284271247461903,0.009187538198793891,8.0
20240101_20241231_t00059,val,ow_rule,9,9,1.0,1.0,1.0,9.0,0.0,0.0,1.0,3,6.133725487196148,0.0772191160073577,0.0,0.0,0.02408203125,1.7853571071357126,0.006531538815477996,5.0
20240101_20241231_t00060,val,ow_rule,9,9,1.0,1.0,1.0,9.0,0.0,0.0,1.0,3,5.770562366841819,0.08118011873584108,0.0,0.0,0.02396484375,1.7853571071357126,0.005524004139627264,5.0
20240101_20241231_t00061,val,ow_rule,8,8,1.0,1.0,1.0,8.0,0.0,0.0,1.0,3,5.803409929376814,0.07301902610552596,0.0,0.0,0.02228515625,1.0897247358851685,0.003641766414251029,3.0
20240101_20241231_t00062,val,ow_rule,7,7,1.0,1.0,1.0,7.0,0.0,0.0,1.0,2,5.87424974006497,0.07574989651671236,0.0,0.0,0.0211328125,1.5811388300841898,0.004956348128628149,4.0
20240101_20241231_t00063,val,ow_rule,6,6,1.0,1.0,1.0,6.0,0.0,0.0,1.0,2,6.175372387649119,0.08891401949454004,0.0,0.0,0.018359375,2.5860201081971503,0.007273147134690654,7.0
20240101_20241231_t00064,val,ow_rule,8,8,1.0,1.0,1.0,8.0,0.0,0.0,1.0,3,6.632630169798588,0.08054614984535718,0.0,0.0,0.0265234375,2.48746859276655,0.00803170709756413,7.0
20240101_20241231_t00065,val,ow_rule,6,6,1.0,1.0,1.0,6.0,0.0,0.0,1.0,3,5.6597944477872275,0.07128782673308039,0.0,0.0,0.01697265625,1.4142135623730951,0.005007440276453971,4.0
20240101_20241231_t00066,val,ow_rule,7,7,1.0,1.0,1.0,7.0,0.0,0.0,1.0,2,6.020496385600756,0.07133985464904256,0.0,0.0,0.0198046875,1.0897247358851685,0.00417800726942249,3.0
20240101_20241231_t00067,val,ow_rule,6,6,1.0,1.0,1.0,6.0,0.0,0.0,1.0,2,6.377869234590217,0.05866948646142709,0.0,0.0,0.01662109375,1.4142135623730951,0.004480581134161581,4.0
20240101_20241231_t00068,val,ow_rule,6,6,1.0,1.0,1.0,6.0,0.0,0.0,1.0,2,5.709337567998285,0.06755010632071051,0.0,0.0,0.01693359375,2.48746859276655,0.007308334011598364,7.0
20240101_20241231_t00069,val,ow_rule,7,7,1.0,1.0,1.0,7.0,0.0,0.0,1.0,2,6.394820967874816,0.06876771864100188,0.0,0.0,0.0215625,1.7853571071357126,0.00568422084639172,5.0
20240101_20241231_t00070,val,ow_rule,6,6,1.0,1.0,1.0,6.0,0.0,0.0,1.0,2,6.00847754513823,0.06826477353879738,0.0,0.0,0.0180078125,1.920286436967152,0.005905587618383812,5.0
20240101_20241231_t00071,val,ow_rule,5,5,1.0,1.0,1.0,5.0,0.0,0.0,1.0,2,5.867108447421955,0.06623568965616186,0.0,0.0,0.01458984375,0.7071067811865476,0.002854270172098645,2.0
20240101_20241231_t00072,val,ow_rule,5,5,1.0,1.0,1.0,5.0,0.0,0.0,1.0,2,6.4043499003962125,0.06724246516635587,0.0,0.0,0.01365234375,1.4142135623730951,0.0040370289388984345,4.0
20240101_20241231_t00073,val,ow_rule,5,5,1.0,1.0,1.0,5.0,0.0,0.0,1.0,2,5.989177873247302,0.07225206800547757,0.0,0.0,0.0133984375,1.5,0.005494782747620007,4.0
20240101_20241231_t00074,val,ow_rule,4,4,1.0,1.0,1.0,4.0,0.0,0.0,1.0,1,5.274676656752548,0.061761103189258655,0.0,0.0,0.009609375,1.4142135623730951,0.004635975264706258,4.0
20240101_20241231_t00075,val,ow_rule,6,6,1.0,1.0,1.0,6.0,0.0,0.0,1.0,2,6.136148970381904,0.06693859608903147,0.0,0.0,0.01541015625,3.2691742076555053,0.009354459513021676,9.0
20240101_20241231_t00076,val,ow_rule,4,4,1.0,1.0,1.0,4.0,0.0,0.0,1.0,1,6.4502703104780625,0.06674782768551138,0.0,0.0,0.01279296875,1.224744871391589,0.004637044842122932,3.0
20240101_20241231_t00077,val,ow_rule,6,6,1.0,1.0,1.0,6.0,0.0,0.0,1.0,2,6.061103284720058,0.07295494510269208,0.0,0.0,0.01744140625,2.165063509461097,0.007040290953952726,6.0
20240101_20241231_t00078,val,ow_rule,5,5,1.0,1.0,1.0,5.0,0.0,0.0,1.0,2,6.05694343510868,0.06773169517551139,0.0,0.0,0.01412109375,1.7853571071357126,0.00552224291194841,5.0
20240101_20241231_t00079,val,ow_rule,4,4,1.0,1.0,1.0,4.0,0.0,0.0,1.0,1,5.252225280505184,0.07352809104113826,0.0,0.0,0.00962890625,1.479019945774904,0.0043659443459277275,4.0
20240101_20241231_t00080,val,ow_rule,4,4,1.0,1.0,1.0,4.0,0.0,0.0,1.0,1,6.411946718363453,0.07228355297256343,0.0,0.0,0.0101953125,1.7853571071357126,0.004603192337071919,5.0
20240101_20241231_t00081,val,ow_rule,4,4,1.0,1.0,1.0,4.0,0.0,0.0,1.0,1,6.853661383219,0.0661897722760508,0.0,0.0,0.01025390625,2.5,0.00694107726374212,7.0
20240101_20241231_t00082,val,ow_rule,8,8,1.0,1.0,1.0,8.0,0.0,0.0,1.0,4,7.059836743074312,0.060947157850062626,0.0,0.0,0.023046875,1.7853571071357126,0.006372597858909232,5.0
20240101_20241231_t00083,val,ow_rule,6,6,1.0,1.0,1.0,6.0,0.0,0.0,1.0,2,6.585163287692866,0.06410530022255619,0.0,0.0,0.01775390625,1.299038105676658,0.0038705768567304562,3.0
20240101_20241231_t00084,val,ow_rule,4,4,1.0,1.0,1.0,4.0,0.0,0.0,1.0,1,6.8020916045681705,0.06553873131780405,0.0,0.0,0.0141796875,1.920286436967152,0.005213316504474871,5.0
20240101_20241231_t00085,val,ow_rule,3,3,1.0,1.0,1.0,3.0,0.0,0.0,1.0,1,5.1231988998701565,0.07974491272908778,0.0,0.0,0.0103125,0.8660254037844386,0.0028989393925616318,2.0
20240101_20241231_t00086,val,ow_rule,4,4,1.0,1.0,1.0,4.0,0.0,0.0,1.0,1,5.203992799352285,0.08070845410337985,0.0,0.0,0.01291015625,1.5,0.0039618720582950216,4.0
20240101_20241231_t00087,val,ow_rule,5,5,1.0,1.0,1.0,5.0,0.0,0.0,1.0,2,5.502555504102114,0.08019000256747641,0.0,0.0,0.01541015625,0.8660254037844386,0.0036295164188655297,2.0
20240101_20241231_t00088,val,ow_rule,5,5,1.0,1.0,1.0,5.0,0.0,0.0,1.0,2,6.281115593786957,0.06819762412957128,0.0,0.0,0.0174609375,1.224744871391589,0.004721697360521476,3.0
20240101_20241231_t00089,val,ow_rule,7,7,1.0,1.0,1.0,7.0,0.0,0.0,1.0,2,6.975322716295535,0.07371850665093685,0.0,0.0,0.02341796875,1.6393596310755,0.0052835077279046,4.0
20240101_20241231_t00090,val,ow_rule,7,7,1.0,1.0,1.0,7.0,0.0,0.0,1.0,2,6.444081732449976,0.07104313510856476,0.0,0.0,0.0218359375,1.5,0.005657835595885224,4.0
20240101_20241231_t00091,val,ow_rule,9,9,1.0,1.0,1.0,9.0,0.0,0.0,1.0,3,7.084979274710506,0.06821890101595458,0.0,0.0,0.02689453125,3.191786333700926,0.010239000512757295,9.0
20240101_20241231_t00092,val,ow_rule,10,10,1.0,1.0,1.0,10.0,0.0,0.0,1.0,3,5.757831216389783,0.06386882987837625,0.0,0.0,0.0251953125,3.6314597615834874,0.010414781527011073,10.0
20240101_20241231_t00093,val,ow_rule,8,8,1.0,1.0,1.0,8.0,0.0,0.0,1.0,3,5.7324158805818035,0.06766636588577782,0.0,0.0,0.02064453125,2.5495097567963922,0.008035667540399132,7.0
20240101_20241231_t00094,val,ow_rule,6,6,1.0,1.0,1.0,6.0,0.0,0.0,1.0,2,6.052496384456931,0.07996148796715724,0.0,0.0,0.01587890625,2.179449471770337,0.005442686917446902,6.0
20240101_20241231_t00095,val,ow_rule,5,5,1.0,1.0,1.0,5.0,0.0,0.0,1.0,2,6.738040866738531,0.07026352484848117,0.0,0.0,0.013359375,3.2691742076555053,0.007671263629614669,9.0
20240101_20241231_t00096,val,ow_rule,3,3,1.0,1.0,1.0,3.0,0.0,0.0,1.0,1,6.475157729944549,0.05823602888624024,0.0,0.0,0.0078515625,3.418698582794336,0.007860902004658452,9.0
20240101_20241231_t00097,val,ow_rule,3,3,1.0,1.0,1.0,3.0,0.0,0.0,1.0,1,4.994521218630946,0.058873526601684135,0.0,0.0,0.00828125,3.774917217635375,0.009609444470658434,9.0
20240101_20241231_t00098,val,ow_rule,8,8,1.0,1.0,1.0,8.0,0.0,0.0,1.0,4,5.924843244824379,0.06043193365603014,0.0,0.0,0.02017578125,2.8284271247461903,0.009309207206102586,8.0
20240101_20241231_t00099,val,ow_rule,8,8,1.0,1.0,1.0,8.0,0.0,0.0,1.0,3,5.706205616449852,0.06364976466810976,0.0,0.0,0.02,2.345207879911715,0.00714991153048755,6.0
20240101_20241231_t00100,val,ow_rule,7,7,1.0,1.0,1.0,7.0,0.0,0.0,1.0,2,5.601076645178526,0.06640756284926569,0.0,0.0,0.01935546875,2.8722813232690143,0.008324054002138478,8.0
20240101_20241231_t00101,val,ow_rule,6,6,1.0,1.0,1.0,6.0,0.0,0.0,1.0,2,5.923154257350884,0.06580358133728725,0.0,0.0,0.01595703125,2.947456530637899,0.008514946026813004,8.0
20240101_20241231_t00102,val,ow_rule,7,7,1.0,1.0,1.0,7.0,0.0,0.0,1.0,2,5.286886158040335,0.06180733892956657,0.0,0.0,0.0173828125,4.085033659592048,0.010439095700660398,11.0
20240101_20241231_t00103,val,ow_rule,7,7,1.0,1.0,1.0,7.0,0.0,0.0,1.0,2,5.411304411838166,0.06170552634223715,0.0,0.0,0.01708984375,3.344772040064913,0.008313081133039633,9.0
20240101_20241231_t00104,val,ow_rule,6,6,1.0,1.0,1.0,6.0,0.0,0.0,1.0,2,5.985402122539249,0.07310268156510961,0.0,0.0,0.0162890625,4.5,0.010417889841107704,12.0
20240101_20241231_t00105,val,ow_rule,6,6,1.0,1.0,1.0,6.0,0.0,0.0,1.0,2,5.810931969189678,0.0753549617223239,0.0,0.0,0.01525390625,2.5495097567963922,0.006326487765032116,7.0
20240101_20241231_t00106,val,ow_rule,6,6,1.0,1.0,1.0,6.0,0.0,0.0,1.0,3,5.899765310208463,0.07953014773533881,0.0,0.0,0.0151171875,2.5,0.007663688938318839,7.0
20240101_20241231_t00107,val,ow_rule,7,7,1.0,1.0,1.0,7.0,0.0,0.0,1.0,2,6.050688877408711,0.07987646216226187,0.0,0.0,0.016953125,3.344772040064913,0.00933534883694282,9.0
20240101_20241231_t00108,val,ow_rule,5,5,1.0,1.0,1.0,5.0,0.0,0.0,1.0,2,7.45707762259926,0.07106067454500517,0.0,0.0,0.0171484375,2.23606797749979,0.006779369744008403,6.0
20240101_20241231_t00109,val,ow_rule,7,7,1.0,1.0,1.0,7.0,0.0,0.0,1.0,2,5.780496917646472,0.07665000581190454,0.0,0.0,0.02015625,1.7853571071357126,0.005001799736367117,5.0
20240101_20241231_t00110,val,ow_rule,6,6,1.0,1.0,1.0,6.0,0.0,0.0,1.0,2,6.056729537839673,0.08414496939424089,0.0,0.0,0.01919921875,1.4142135623730951,0.005354686855274937,4.0
20240101_20241231_t00111,val,ow_rule,5,5,1.0,1.0,1.0,5.0,0.0,0.0,1.0,2,6.5073407327583555,0.06672979325174258,0.0,0.0,0.01591796875,0.7071067811865476,0.003332622372783576,2.0
20240101_20241231_t00112,val,ow_rule,3,3,1.0,1.0,1.0,3.0,0.0,0.0,1.0,1,6.414407445185454,0.06806443465248692,0.0,0.0,0.00833984375,0.82915619758885,0.002800279133370901,2.0
20240101_20241231_t00113,val,ow_rule,6,6,1.0,1.0,1.0,6.0,0.0,0.0,1.0,2,5.051489955887206,0.08096022857309061,0.0,0.0,0.01423828125,0.4330127018922193,0.0012804518283659192,1.0
20240101_20241231_t00114,val,ow_rule,7,7,1.0,1.0,1.0,7.0,0.0,0.0,1.0,2,5.4505202851570385,0.08060085439432245,0.0,0.0,0.01794921875,1.299038105676658,0.003180757909461371,3.0
20240101_20241231_t00115,val,ow_rule,6,6,1.0,1.0,1.0,6.0,0.0,0.0,1.0,2,5.3306264676391,0.08635551719981145,0.0,0.0,0.01619140625,0.7071067811865476,0.0023649503000210863,2.0
20240101_20241231_t00116,val,ow_rule,5,5,1.0,1.0,1.0,5.0,0.0,0.0,1.0,2,5.321013963601901,0.0867381323193131,0.0,0.0,0.01439453125,1.6393596310755,0.004958101197693757,4.0
20240101_20241231_t00117,val,ow_rule,7,7,1.0,1.0,1.0,7.0,0.0,0.0,1.0,2,6.088169938999264,0.0786515734105279,0.0,0.0,0.021796875,1.299038105676658,0.0037630584961305465,3.0
20240101_20241231_t00118,val,ow_rule,6,6,1.0,1.0,1.0,6.0,0.0,0.0,1.0,3,5.067871090805924,0.07969559104914335,0.0,0.0,0.01501953125,0.8660254037844386,0.0030292136047448655,2.0
20240101_20241231_t00119,val,ow_rule,6,6,1.0,1.0,1.0,6.0,0.0,0.0,1.0,2,5.542097268883343,0.07714520940258407,0.0,0.0,0.01474609375,1.7853571071357126,0.004242048566872046,5.0
20240101_20241231_t00120,val,ow_rule,4,4,1.0,1.0,1.0,4.0,0.0,0.0,1.0,1,5.32538117399761,0.06831724513213411,0.0,0.0,0.01033203125,1.4142135623730951,0.0035448647066240826,4.0
20240101_20241231_t00121,val,ow_rule,3,3,1.0,1.0,1.0,3.0,0.0,0.0,1.0,1,5.136554448000654,0.06899094827915901,0.0,0.0,0.0088671875,2.7726341266023544,0.0067892237601316924,7.0
20240101_20241231_t00122,val,ow_rule,5,5,1.0,1.0,1.0,5.0,0.0,0.0,1.0,2,5.208273617348967,0.08625862000333427,0.0,0.0,0.0148046875,2.598076211353316,0.006582197872056437,6.0
20240101_20241231_t00123,val,ow_rule,7,7,1.0,1.0,1.0,7.0,0.0,0.0,1.0,2,5.338255191258214,0.08916712169558168,0.0,0.0,0.01984375,2.8613807855648994,0.006919336408869809,8.0
20240101_20241231_t00124,val,ow_rule,7,7,1.0,1.0,1.0,7.0,0.0,0.0,1.0,2,4.9596965217548235,0.09271445345902485,0.0,0.0,0.01873046875,2.277608394786075,0.006279173474560215,6.0
20240101_20241231_t00125,val,ow_rule,8,8,1.0,1.0,1.0,8.0,0.0,0.0,1.0,3,5.206231046185109,0.08547383770880251,0.0,0.0,0.02287109375,1.7853571071357126,0.005507680472015757,5.0
20240101_20241231_t00126,val,ow_rule,6,6,1.0,1.0,1.0,6.0,0.0,0.0,1.0,2,5.402075367806529,0.08374841808936877,0.0,0.0,0.0198046875,3.5355339059327378,0.009485544148362144,9.0
20240101_20241231_t00127,val,ow_rule,7,7,1.0,1.0,1.0,7.0,0.0,0.0,1.0,2,5.294291791618277,0.08386007814817655,0.0,0.0,0.02177734375,3.3541019662496847,0.00883359351464731,9.0
20240101_20241231_t00128,val,ow_rule,8,8,1.0,1.0,1.0,8.0,0.0,0.0,1.0,3,5.407967432926691,0.07033761073440635,0.0,0.0,0.02283203125,2.1213203435596424,0.006427270780413208,6.0
20240101_20241231_t00129,val,ow_rule,7,7,1.0,1.0,1.0,7.0,0.0,0.0,1.0,2,5.919106078026623,0.07403257917984665,0.0,0.0,0.02173828125,2.5860201081971503,0.007007655929806642,7.0
20240101_20241231_t00130,val,ow_rule,5,5,1.0,1.0,1.0,5.0,0.0,0.0,1.0,2,5.018063561268038,0.0692355197044866,0.0,0.0,0.01826171875,2.692582403567252,0.007236380840732412,7.0
20240101_20241231_t00131,val,ow_rule,6,6,1.0,1.0,1.0,6.0,0.0,0.0,1.0,2,4.823724525339425,0.07552383647745163,0.0,0.0,0.0194921875,2.5860201081971503,0.007589731668144375,7.0
20240101_20241231_t00132,val,ow_rule,5,5,1.0,1.0,1.0,5.0,0.0,0.0,1.0,2,5.750957810166311,0.06884746748000047,0.0,0.0,0.01587890625,2.7726341266023544,0.006916103600559485,7.0
20240101_20241231_t00133,val,ow_rule,7,7,1.0,1.0,1.0,7.0,0.0,0.0,1.0,2,6.085454412955648,0.07385797826357927,0.0,0.0,0.02044921875,1.7853571071357126,0.005513471577459089,5.0
20240101_20241231_t00134,val,ow_rule,6,6,1.0,1.0,1.0,6.0,0.0,0.0,1.0,2,5.684524011127206,0.07366640579078247,0.0,0.0,0.016953125,2.7726341266023544,0.007866977722947179,7.0
20240101_20241231_t00135,val,ow_rule,6,6,1.0,1.0,1.0,6.0,0.0,0.0,1.0,2,5.977225661192485,0.07295971159103497,0.0,0.0,0.01865234375,2.277608394786075,0.0060754334440349155,6.0
20240101_20241231_t00136,val,ow_rule,8,8,1.0,1.0,1.0,8.0,0.0,0.0,1.0,3,6.182054700155444,0.07940818862873594,0.0,0.0,0.0239453125,2.345207879911715,0.006510550739179382,6.0
20240101_20241231_t00137,val,ow_rule,8,8,1.0,1.0,1.0,8.0,0.0,0.0,1.0,3,5.592005285207398,0.07156263252945205,0.0,0.0,0.0223046875,5.018714974971183,0.012547185530566779,14.0
20240101_20241231_t00138,val,ow_rule,7,7,1.0,1.0,1.0,7.0,0.0,0.0,1.0,2,4.753179589648916,0.06786944153601822,0.0,0.0,0.01919921875,3.570714214271425,0.009150629030295426,10.0
20240101_20241231_t00139,val,ow_rule,9,9,1.0,1.0,1.0,9.0,0.0,0.0,1.0,3,5.555845686646933,0.06743043985573541,0.0,0.0,0.024140625,3.640054944640259,0.010504040803398609,10.0
20240101_20241231_t00140,val,ow_rule,9,9,1.0,1.0,1.0,9.0,0.0,0.0,1.0,3,5.910757089033575,0.06913399736779889,0.0,0.0,0.02732421875,2.179449471770337,0.008223433287958498,6.0
20240101_20241231_t00141,val,ow_rule,11,11,1.0,1.0,1.0,11.0,0.0,0.0,1.0,4,5.491306041745663,0.0752172775904271,0.0,0.0,0.0287109375,2.680951323690902,0.007565156517351047,7.0
20240101_20241231_t00142,val,ow_rule,10,10,1.0,1.0,1.0,10.0,0.0,0.0,1.0,3,5.585587140669487,0.07990427024477288,0.0,0.0,0.0262109375,2.23606797749979,0.0068284190657993005,6.0
20240101_20241231_t00143,val,ow_rule,7,7,1.0,1.0,1.0,7.0,0.0,0.0,1.0,2,5.694728517421713,0.08694332193812822,0.0,0.0,0.01900390625,2.692582403567252,0.0076859191261501505,7.0
20240101_20241231_t00144,val,ow_rule,8,8,1.0,1.0,1.0,8.0,0.0,0.0,1.0,3,5.77733700068114,0.0822467625765436,0.0,0.0,0.0209765625,2.345207879911715,0.005961912062985947,6.0
20240101_20241231_t00145,val,ow_rule,8,8,1.0,1.0,1.0,8.0,0.0,0.0,1.0,3,5.632403406914481,0.08303530999325417,0.0,0.0,0.022421875,1.8708286933869707,0.004779879404725424,5.0
20240101_20241231_t00146,val,ow_rule,8,8,1.0,1.0,1.0,8.0,0.0,0.0,1.0,3,5.918750804800876,0.08310961088328167,0.0,0.0,0.02423828125,1.224744871391589,0.0038240371988314766,3.0
20240101_20241231_t00147,val,ow_rule,8,8,1.0,1.0,1.0,8.0,0.0,0.0,1.0,3,5.498719017261831,0.07616567275322998,0.0,0.0,0.022890625,2.165063509461097,0.00733153280637928,6.0
20240101_20241231_t00148,val,ow_rule,9,9,1.0,1.0,1.0,9.0,0.0,0.0,1.0,3,5.660981848048468,0.07141416926387274,0.0,0.0,0.024453125,2.5,0.008607193575281703,7.0
20240101_20241231_t00149,val,ow_rule,8,8,1.0,1.0,1.0,8.0,0.0,0.0,1.0,3,5.274952889814766,0.06944946490526954,0.0,0.0,0.02009765625,2.958039891549808,0.0083020104788372,8.0
20240101_20241231_t00150,val,ow_rule,10,10,1.0,1.0,1.0,10.0,0.0,0.0,1.0,3,5.151619569450764,0.08456015946303623,0.0,0.0,0.02505859375,2.8284271247461903,0.007527775196326808,8.0
20240101_20241231_t00151,val,ow_rule,11,11,1.0,1.0,1.0,11.0,0.0,0.0,1.0,4,5.409673797480329,0.07801530116825808,0.0,0.0,0.02796875,2.48746859276655,0.006958588585959266,7.0
20240101_20241231_t00152,val,ow_rule,10,10,1.0,1.0,1.0,10.0,0.0,0.0,1.0,3,5.475333448386879,0.08277147500404812,0.0,0.0,0.02625,2.5860201081971503,0.007529277875705601,7.0
20240101_20241231_t00153,val,ow_rule,11,11,1.0,1.0,1.0,11.0,0.0,0.0,1.0,4,4.981911438043699,0.08706982766423797,0.0,0.0,0.027265625,2.8722813232690143,0.007838859340444714,8.0
20240101_20241231_t00154,val,ow_rule,12,12,1.0,1.0,1.0,12.0,0.0,0.0,1.0,4,5.135258441957818,0.08179266821110424,0.0,0.0,0.0312109375,3.3541019662496847,0.009200587079763154,9.0
20240101_20241231_t00155,val,ow_rule,12,12,1.0,1.0,1.0,12.0,0.0,0.0,1.0,4,5.276159245710239,0.0872489128665731,0.0,0.0,0.03373046875,2.165063509461097,0.007198212974032599,6.0
20240101_20241231_t00156,val,ow_rule,11,11,1.0,1.0,1.0,11.0,0.0,0.0,1.0,4,5.3468821925213925,0.08793801906342659,0.0,0.0,0.03318359375,2.5495097567963922,0.00858186072769184,7.0
20240101_20241231_t00157,val,ow_rule,11,11,1.0,1.0,1.0,11.0,0.0,0.0,1.0,5,5.158352103406745,0.08627960612521096,0.0,0.0,0.029921875,1.8027756377319946,0.004914707838904024,5.0
20240101_20241231_t00158,val,ow_rule,12,12,1.0,1.0,1.0,12.0,0.0,0.0,1.0,4,5.263715348561583,0.08089353317875185,0.0,0.0,0.0332421875,1.920286436967152,0.006469606794292363,5.0
20240101_20241231_t00159,val,ow_rule,11,11,1.0,1.0,1.0,11.0,0.0,0.0,1.0,4,5.635369635202967,0.07886020650787257,0.0,0.0,0.0311328125,1.8708286933869707,0.006229955957051914,5.0
20240101_20241231_t00160,val,ow_rule,10,10,1.0,1.0,1.0,10.0,0.0,0.0,1.0,3,5.062404096398635,0.08351754499400793,0.0,0.0,0.02896484375,2.165063509461097,0.006533011532014099,6.0
20240101_20241231_t00161,val,ow_rule,10,10,1.0,1.0,1.0,10.0,0.0,0.0,1.0,3,5.21987943699771,0.08313866858791086,0.0,0.0,0.02935546875,2.345207879911715,0.006652639851725414,6.0
20240101_20241231_t00162,val,ow_rule,9,9,1.0,1.0,1.0,9.0,0.0,0.0,1.0,3,5.2890453933389905,0.08301658367794428,0.0,0.0,0.0268359375,2.947456530637899,0.008333906789757798,8.0
20240101_20241231_t00163,val,ow_rule,8,8,1.0,1.0,1.0,8.0,0.0,0.0,1.0,3,5.2017365741668415,0.0845705730945181,0.0,0.0,0.0250390625,2.384848003542364,0.007130743756659071,6.0
20240101_20241231_t00164,val,ow_rule,11,11,1.0,1.0,1.0,11.0,0.0,0.0,1.0,4,5.616473752435983,0.07329976210243422,0.0,0.0,0.03369140625,1.299038105676658,0.005207420523444944,3.0
20240101_20241231_t00165,val,ow_rule,10,10,1.0,1.0,1.0,10.0,0.0,0.0,1.0,4,5.895235115342814,0.07532315683965177,0.0,0.0,0.03236328125,1.8027756377319946,0.007311699913140037,5.0
20240101_20241231_t00166,val,ow_rule,13,13,1.0,1.0,1.0,13.0,0.0,0.0,1.0,4,6.11085188390718,0.07303811657483598,0.0,0.0,0.03783203125,1.8708286933869707,0.007353366480476232,5.0
20240101_20241231_t00167,val,ow_rule,13,13,1.0,1.0,1.0,13.0,0.0,0.0,1.0,4,5.771275427262489,0.07426885058265907,0.0,0.0,0.0348828125,2.8284271247461903,0.009704235756610257,8.0
20240101_20241231_t00168,val,ow_rule,12,12,1.0,1.0,1.0,12.0,0.0,0.0,1.0,4,5.28269689395177,0.08239327435325147,0.0,0.0,0.0311328125,4.5,0.012133988499681395,12.0
20240101_20241231_t00169,val,ow_rule,10,10,1.0,1.0,1.0,10.0,0.0,0.0,1.0,3,5.149763670635023,0.08317451557852731,0.0,0.0,0.02755859375,3.082207001484488,0.009163971128926947,8.0
20240101_20241231_t00170,val,ow_rule,12,12,1.0,1.0,1.0,12.0,0.0,0.0,1.0,4,4.986605289340904,0.08236124039848211,0.0,0.0,0.03021484375,3.5619517121937516,0.010122760430827613,10.0
20240101_20241231_t00171,val,ow_rule,13,13,1.0,1.0,1.0,13.0,0.0,0.0,1.0,4,5.446465371415067,0.08335861798290388,0.0,0.0,0.0329296875,4.437059837324712,0.01168695230271676,12.0
20240101_20241231_t00172,val,ow_rule,13,13,1.0,1.0,1.0,13.0,0.0,0.0,1.0,4,5.125592909784587,0.0815580197025286,0.0,0.0,0.03380859375,3.960744879438715,0.011272822648145537,11.0
20240101_20241231_t00173,val,ow_rule,16,16,1.0,1.0,1.0,16.0,0.0,0.0,1.0,5,5.350671449442208,0.0772662903027416,0.0,0.0,0.04423828125,3.6314597615834874,0.01152910513430049,10.0
20240101_20241231_t00174,val,ow_rule,15,15,1.0,1.0,1.0,15.0,0.0,0.0,1.0,5,5.030455327952601,0.08186083869021989,0.0,0.0,0.04,4.242640687119285,0.010845402572427075,12.0
20240101_20241231_t00175,val,ow_rule,17,17,1.0,1.0,1.0,17.0,0.0,0.0,1.0,6,5.2481162553291085,0.0761444330279405,0.0,0.0,0.04560546875,3.6742346141747673,0.010563382264257971,10.0
20240101_20241231_t00176,val,ow_rule,16,16,1.0,1.0,1.0,16.0,0.0,0.0,1.0,5,5.4077352227323665,0.07609062457729145,0.0,0.0,0.04416015625,3.191786333700926,0.010251788983418194,9.0
20240101_20241231_t00177,val,ow_rule,15,15,1.0,1.0,1.0,15.0,0.0,0.0,1.0,5,5.365550802808266,0.07676787573649745,0.0,0.0,0.04125,3.2015621187164243,0.00957085432737575,9.0
20240101_20241231_t00178,val,ow_rule,12,12,1.0,1.0,1.0,12.0,0.0,0.0,1.0,4,5.257841005751553,0.07930244755285294,0.0,0.0,0.03365234375,3.905124837953327,0.011433140658728275,11.0
20240101_20241231_t00179,val,ow_rule,11,11,1.0,1.0,1.0,11.0,0.0,0.0,1.0,4,5.272644003787529,0.08694719974762312,0.0,0.0,0.03220703125,2.8613807855648994,0.009909116697238075,8.0
20240101_20241231_t00180,val,ow_rule,10,10,1.0,1.0,1.0,10.0,0.0,0.0,1.0,3,5.205446942569295,0.08747863332743107,0.0,0.0,0.02837890625,3.2015621187164243,0.009829658231023126,9.0
20240101_20241231_t00181,val,ow_rule,10,10,1.0,1.0,1.0,10.0,0.0,0.0,1.0,3,4.963330804731427,0.0879645331613379,0.0,0.0,0.0287109375,2.1213203435596424,0.0063197610470711344,6.0
20240101_20241231_t00182,val,ow_rule,11,11,1.0,1.0,1.0,11.0,0.0,0.0,1.0,4,4.977938045684199,0.09093136618074667,0.0,0.0,0.03150390625,1.479019945774904,0.004693497952984315,4.0
20240101_20241231_t00183,val,ow_rule,13,13,1.0,1.0,1.0,13.0,0.0,0.0,1.0,4,5.068734556359601,0.08644323136917165,0.0,0.0,0.03603515625,2.277608394786075,0.006592026544031383,6.0
20240101_20241231_t00184,val,ow_rule,15,15,1.0,1.0,1.0,15.0,0.0,0.0,1.0,6,5.087011420642713,0.0839449143852053,0.0,0.0,0.0391796875,2.8722813232690143,0.0075745044986833135,8.0
20240101_20241231_t00185,val,ow_rule,15,15,1.0,1.0,1.0,15.0,0.0,0.0,1.0,5,4.9456416984365035,0.08306189068628658,0.0,0.0,0.04060546875,3.2015621187164243,0.0085550149654612,9.0
20240101_20241231_t00186,val,ow_rule,15,15,1.0,1.0,1.0,15.0,0.0,0.0,1.0,5,5.075948932834437,0.0854493644564374,0.0,0.0,0.04052734375,2.8722813232690143,0.0075527371529119525,8.0
20240101_20241231_t00187,val,ow_rule,15,15,1.0,1.0,1.0,15.0,0.0,0.0,1.0,5,5.0584425678390454,0.08682190728668386,0.0,0.0,0.04123046875,2.179449471770337,0.006522536529637573,6.0
20240101_20241231_t00188,val,ow_rule,11,11,1.0,1.0,1.0,11.0,0.0,0.0,1.0,4,4.752236789113446,0.08914433925176471,0.0,0.0,0.03154296875,3.766629793329841,0.009359029518336047,10.0
20240101_20241231_t00189,val,ow_rule,13,13,1.0,1.0,1.0,13.0,0.0,0.0,1.0,4,5.150281211425087,0.08382101698915696,0.0,0.0,0.03478515625,5.408326913195984,0.015653144665517427,15.0
20240101_20241231_t00190,val,ow_rule,12,12,1.0,1.0,1.0,12.0,0.0,0.0,1.0,4,5.087795137142542,0.08413543494726289,0.0,0.0,0.032421875,4.264680527307995,0.012160708984988423,12.0
20240101_20241231_t00191,val,ow_rule,10,10,1.0,1.0,1.0,10.0,0.0,0.0,1.0,3,4.910044959489649,0.08218368967071779,0.0,0.0,0.02861328125,3.6314597615834874,0.009700391252236795,10.0
20240101_20241231_t00192,val,ow_rule,9,9,1.0,1.0,1.0,9.0,0.0,0.0,1.0,3,4.363066423105148,0.07789294669567463,0.0,0.0,0.02638671875,1.8708286933869707,0.005464133357569543,5.0
20240101_20241231_t00193,val,ow_rule,11,11,1.0,1.0,1.0,11.0,0.0,0.0,1.0,4,5.130152916503218,0.08123667184935492,0.0,0.0,0.03193359375,2.5860201081971503,0.007623132195509589,7.0
20240101_20241231_t00194,val,ow_rule,12,12,1.0,1.0,1.0,12.0,0.0,0.0,1.0,4,5.038003451992274,0.08446538784058705,0.0,0.0,0.0353515625,3.6314597615834874,0.010041422881864484,9.0
20240101_20241231_t00195,val,ow_rule,11,11,1.0,1.0,1.0,11.0,0.0,0.0,1.0,4,4.996618394777373,0.08824890388683325,0.0,0.0,0.034765625,3.112474899497183,0.009117919892458104,8.0
20240101_20241231_t00196,val,ow_rule,12,12,1.0,1.0,1.0,12.0,0.0,0.0,1.0,4,5.085090756212175,0.08369470518581162,0.0,0.0,0.03703125,2.5495097567963922,0.007874273599697968,7.0
20240101_20241231_t00197,val,ow_rule,14,14,1.0,1.0,1.0,14.0,0.0,0.0,1.0,5,5.648722240645351,0.08515680137552319,0.0,0.0,0.04169921875,4.183300132670378,0.011914769886466491,11.0
20240101_20241231_t00198,val,ow_rule,16,16,1.0,1.0,1.0,16.0,0.0,0.0,1.0,6,5.130575957203684,0.07747697022085351,0.0,0.0,0.04212890625,4.636809247747852,0.012693227743489665,13.0
20240101_20241231_t00199,val,ow_rule,12,12,1.0,1.0,1.0,12.0,0.0,0.0,1.0,5,4.579853288787588,0.07857017360290365,0.0,0.0,0.03279296875,3.2691742076555053,0.008969294621217282,9.0
20240101_20241231_t00200,val,ow_rule,13,13,1.0,1.0,1.0,13.0,0.0,0.0,1.0,4,4.841361998899045,0.07704515456354238,0.0,0.0,0.0355078125,2.48746859276655,0.008099277567730385,7.0
20240101_20241231_t00201,val,ow_rule,12,12,1.0,1.0,1.0,12.0,0.0,0.0,1.0,4,4.828042097242418,0.08090716416527519,0.0,0.0,0.0329296875,2.179449471770337,0.006606954144761708,6.0
20240101_20241231_t00202,val,ow_rule,14,14,1.0,1.0,1.0,14.0,0.0,0.0,1.0,5,5.574817447824064,0.08167815662380286,0.0,0.0,0.038515625,2.48746859276655,0.007504099679069316,7.0
20240101_20241231_t00203,val,ow_rule,13,13,1.0,1.0,1.0,13.0,0.0,0.0,1.0,4,5.710936662867455,0.08351643172012171,0.0,0.0,0.03453125,2.48746859276655,0.007159760059939563,7.0
20240101_20241231_t00204,val,ow_rule,10,10,1.0,1.0,1.0,10.0,0.0,0.0,1.0,3,5.450737330381502,0.07529226120528379,0.0,0.0,0.028203125,2.179449471770337,0.00717977855404636,6.0
20240101_20241231_t00205,val,ow_rule,12,12,1.0,1.0,1.0,12.0,0.0,0.0,1.0,4,5.837684689248775,0.0724111727871561,0.0,0.0,0.03291015625,3.191786333700926,0.009511010615564591,9.0
20240101_20241231_t00206,val,ow_rule,10,10,1.0,1.0,1.0,10.0,0.0,0.0,1.0,3,5.4109823280471705,0.08542948796921356,0.0,0.0,0.02912109375,3.24037034920393,0.00909731786417169,9.0
20240101_20241231_t00207,val,ow_rule,11,11,1.0,1.0,1.0,11.0,0.0,0.0,1.0,5,5.6885152724658745,0.08375539416726713,0.0,0.0,0.0319921875,3.2691742076555053,0.009539341228140158,9.0
20240101_20241231_t00208,val,ow_rule,13,13,1.0,1.0,1.0,13.0,0.0,0.0,1.0,4,5.492145482617914,0.0852678557943319,0.0,0.0,0.03482421875,3.6314597615834874,0.00980182134674786,10.0
20240101_20241231_t00209,val,ow_rule,13,13,1.0,1.0,1.0,13.0,0.0,0.0,1.0,4,5.415226485891487,0.08733793757672571,0.0,0.0,0.03552734375,2.48746859276655,0.006913667656782819,7.0
20240101_20241231_t00210,val,ow_rule,15,15,1.0,1.0,1.0,15.0,0.0,0.0,1.0,5,5.984648354815323,0.08443902686205831,0.0,0.0,0.0419921875,2.48746859276655,0.007230744672443248,7.0
20240101_20241231_t00211,val,ow_rule,12,12,1.0,1.0,1.0,12.0,0.0,0.0,1.0,4,5.603638214231435,0.08708745476521686,0.0,0.0,0.03291015625,1.8027756377319946,0.00696112183606146,5.0
20240101_20241231_t00212,val,ow_rule,9,9,1.0,1.0,1.0,9.0,0.0,0.0,1.0,3,4.978728689000212,0.09022250499304213,0.0,0.0,0.024296875,2.947456530637899,0.008953118395844532,8.0
20240101_20241231_t00213,val,ow_rule,9,9,1.0,1.0,1.0,9.0,0.0,0.0,1.0,3,4.713270548696112,0.09066288775829968,0.0,0.0,0.024140625,2.947456530637899,0.007176093296665073,8.0
20240101_20241231_t00214,val,ow_rule,9,9,1.0,1.0,1.0,9.0,0.0,0.0,1.0,3,4.7013094595857465,0.09050270843610063,0.0,0.0,0.02443359375,3.840572873934304,0.010056188795852995,10.0
20240101_20241231_t00215,val,ow_rule,11,11,1.0,1.0,1.0,11.0,0.0,0.0,1.0,5,5.276656005930203,0.08705828387626963,0.0,0.0,0.03126953125,3.570714214271425,0.00900402805469401,10.0
20240101_20241231_t00216,val,ow_rule,11,11,1.0,1.0,1.0,11.0,0.0,0.0,1.0,4,5.188325730106401,0.08698905254476332,0.0,0.0,0.03236328125,2.5495097567963922,0.006955502564340437,7.0
20240101_20241231_t00217,val,ow_rule,14,14,1.0,1.0,1.0,14.0,0.0,0.0,1.0,5,5.313291411151922,0.08124297074017235,0.0,0.0,0.03705078125,3.191786333700926,0.009942474607608361,9.0
20240101_20241231_t00218,val,ow_rule,15,15,1.0,1.0,1.0,15.0,0.0,0.0,1.0,5,5.1003109152026145,0.07859812738481167,0.0,0.0,0.0401953125,3.0,0.009497656482954775,8.0
20240101_20241231_t00219,val,ow_rule,14,14,1.0,1.0,1.0,14.0,0.0,0.0,1.0,5,4.849036223613034,0.07655066548575602,0.0,0.0,0.03892578125,2.277608394786075,0.007694870989376746,6.0
20240101_20241231_t00220,val,ow_rule,16,16,1.0,1.0,1.0,16.0,0.0,0.0,1.0,5,4.899344223782187,0.07052153863427518,0.0,0.0,0.04025390625,2.9154759474226504,0.007919729209277991,7.0
20240101_20241231_t00221,val,ow_rule,16,16,1.0,1.0,1.0,16.0,0.0,0.0,1.0,5,5.126179776591776,0.07050171642450603,0.0,0.0,0.04119140625,2.692582403567252,0.007901825462161288,7.0
20240101_20241231_t00222,val,ow_rule,15,15,1.0,1.0,1.0,15.0,0.0,0.0,1.0,5,5.269869372275542,0.0711105302323867,0.0,0.0,0.04015625,2.8722813232690143,0.007875175837415621,8.0
20240101_20241231_t00223,val,ow_rule,13,13,1.0,1.0,1.0,13.0,0.0,0.0,1.0,4,5.288008150367468,0.07481570593252071,0.0,0.0,0.035234375,3.2691742076555053,0.008814875018899354,9.0
20240101_20241231_t00224,val,ow_rule,11,11,1.0,1.0,1.0,11.0,0.0,0.0,1.0,4,4.9283922750502205,0.08200689431763669,0.0,0.0,0.0296875,3.766629793329841,0.009599311335022396,10.0
20240101_20241231_t00225,val,ow_rule,12,12,1.0,1.0,1.0,12.0,0.0,0.0,1.0,4,5.004674983657249,0.0769200740680752,0.0,0.0,0.0308203125,3.6742346141747673,0.010793547320381945,10.0
20240101_20241231_t00226,val,ow_rule,13,13,1.0,1.0,1.0,13.0,0.0,0.0,1.0,4,4.936873990764429,0.07855042678824403,0.0,0.0,0.03166015625,3.2015621187164243,0.00813718615511217,9.0
20240101_20241231_t00227,val,ow_rule,11,11,1.0,1.0,1.0,11.0,0.0,0.0,1.0,4,4.945459483086747,0.07301306236602277,0.0,0.0,0.026796875,2.8722813232690143,0.007164309032528834,8.0
20240101_20241231_t00228,val,ow_rule,11,11,1.0,1.0,1.0,11.0,0.0,0.0,1.0,4,4.933808922913406,0.06919678916552051,0.0,0.0,0.02642578125,2.692582403567252,0.00686646365016826,7.0
20240101_20241231_t00229,val,ow_rule,11,11,1.0,1.0,1.0,11.0,0.0,0.0,1.0,4,4.965489511406304,0.07261981040792995,0.0,0.0,0.0259765625,2.8613807855648994,0.007510348174637756,8.0
20240101_20241231_t00230,val,ow_rule,11,11,1.0,1.0,1.0,11.0,0.0,0.0,1.0,4,5.239836323191334,0.06384980699220079,0.0,0.0,0.0251953125,2.5860201081971503,0.006413168544013621,7.0
20240101_20241231_t00231,val,ow_rule,10,10,1.0,1.0,1.0,10.0,0.0,0.0,1.0,3,5.620359728697646,0.05889446698323111,0.0,0.0,0.02376953125,3.5619517121937516,0.009388565421567283,10.0
20240101_20241231_t00232,val,ow_rule,11,11,1.0,1.0,1.0,11.0,0.0,0.0,1.0,4,5.59600309199299,0.06148897520323699,0.0,0.0,0.0268359375,3.5619517121937516,0.009809174138030306,10.0
20240101_20241231_t00233,val,ow_rule,9,9,1.0,1.0,1.0,9.0,0.0,0.0,1.0,3,5.434915435973362,0.06248089526625032,0.0,0.0,0.021640625,5.0,0.013182356712796765,14.0
20240101_20241231_t00234,val,ow_rule,11,11,1.0,1.0,1.0,11.0,0.0,0.0,1.0,5,5.752493759012505,0.06313793642720648,0.0,0.0,0.027578125,3.960744879438715,0.011899649485066005,11.0
20240101_20241231_t00235,val,ow_rule,14,14,1.0,1.0,1.0,14.0,0.0,0.0,1.0,5,5.857379040016433,0.0681517512557052,0.0,0.0,0.03615234375,4.183300132670378,0.011436204638894127,11.0
20240101_20241231_t00236,val,ow_rule,15,15,1.0,1.0,1.0,15.0,0.0,0.0,1.0,5,5.968568620250734,0.06461577871418685,0.0,0.0,0.03912109375,4.716990566028302,0.013552347030634852,13.0
20240101_20241231_t00237,val,ow_rule,16,16,1.0,1.0,1.0,16.0,0.0,0.0,1.0,5,6.131158620999022,0.06592993606292039,0.0,0.0,0.04447265625,5.356071321407137,0.016027288144391947,15.0
20240101_20241231_t00238,val,ow_rule,13,13,1.0,1.0,1.0,13.0,0.0,0.0,1.0,4,5.8324686702585105,0.0733286781661707,0.0,0.0,0.03779296875,4.656984002549289,0.014307867108264045,13.0
20240101_20241231_t00239,val,ow_rule,11,11,1.0,1.0,1.0,11.0,0.0,0.0,1.0,4,5.351417119167901,0.07937668933377053,0.0,0.0,0.03166015625,4.06201920231798,0.01193934125830701,11.0
20240101_20241231_t00240,val,ow_rule,10,10,1.0,1.0,1.0,10.0,0.0,0.0,1.0,3,5.696482242231207,0.0820003929101879,0.0,0.0,0.0297265625,3.9370039370059056,0.01112813751040031,11.0
20240101_20241231_t00241,val,ow_rule,9,9,1.0,1.0,1.0,9.0,0.0,0.0,1.0,3,5.414833772381902,0.0806556875087473,0.0,0.0,0.0264453125,3.640054944640259,0.009575318564750473,10.0
20240101_20241231_t00242,val,ow_rule,10,10,1.0,1.0,1.0,10.0,0.0,0.0,1.0,3,5.392529771017907,0.08403523482767769,0.0,0.0,0.0287109375,3.191786333700926,0.008740769012977774,9.0
20240101_20241231_t00243,val,ow_rule,8,8,1.0,1.0,1.0,8.0,0.0,0.0,1.0,3,4.6884997958666075,0.08885829713206725,0.0,0.0,0.02310546875,3.0,0.006627536216242612,8.0
20240101_20241231_t00244,val,ow_rule,9,9,1.0,1.0,1.0,9.0,0.0,0.0,1.0,3,5.1982254463716195,0.08374686857789976,0.0,0.0,0.0262109375,2.8722813232690143,0.007505737335459692,8.0
20240101_20241231_t00245,val,ow_rule,11,11,1.0,1.0,1.0,11.0,0.0,0.0,1.0,4,5.462657785299845,0.07974976069651517,0.0,0.0,0.03083984375,2.8722813232690143,0.007581528361494311,8.0
20240101_20241231_t00246,val,ow_rule,11,11,1.0,1.0,1.0,11.0,0.0,0.0,1.0,4,5.541889000980294,0.08116203664366241,0.0,0.0,0.03357421875,3.570714214271425,0.010263156170143466,10.0
20240101_20241231_t00247,val,ow_rule,13,13,1.0,1.0,1.0,13.0,0.0,0.0,1.0,4,5.559224503963761,0.07487933196522571,0.0,0.0,0.03697265625,2.179449471770337,0.007626415433991659,6.0
20240101_20241231_t00248,val,ow_rule,14,14,1.0,1.0,1.0,14.0,0.0,0.0,1.0,5,5.574833748143801,0.07529194024467659,0.0,0.0,0.03888671875,3.897114317029974,0.011236236418056905,11.0
20240101_20241231_t00249,val,ow_rule,13,13,1.0,1.0,1.0,13.0,0.0,0.0,1.0,4,5.5956264011680235,0.07538665642375574,0.0,0.0,0.03615234375,4.6097722286464435,0.012584083046379028,13.0
20240101_20241231_t00250,val,ow_rule,15,15,1.0,1.0,1.0,15.0,0.0,0.0,1.0,7,6.004192264314706,0.0688212507799389,0.0,0.0,0.0416015625,3.2015621187164243,0.011317599964749467,9.0
20240101_20241231_t00251,val,ow_rule,15,15,1.0,1.0,1.0,15.0,0.0,0.0,1.0,5,5.869340749171133,0.06975791835972399,0.0,0.0,0.040546875,3.897114317029974,0.012277938590475768,11.0
20240101_20241231_t00252,val,ow_rule,13,13,1.0,1.0,1.0,13.0,0.0,0.0,1.0,4,5.03231049093117,0.07169072092001118,0.0,0.0,0.0330078125,5.338539126015656,0.016033160030805696,15.0
20240101_20241231_t00253,val,ow_rule,14,14,1.0,1.0,1.0,14.0,0.0,0.0,1.0,5,5.284186172622763,0.06994458515817623,0.0,0.0,0.036796875,4.358898943540674,0.012940101693651446,12.0
20240101_20241231_t00254,val,ow_rule,13,13,1.0,1.0,1.0,13.0,0.0,0.0,1.0,4,5.282489266218718,0.07229965493009256,0.0,0.0,0.035390625,5.584576975922169,0.014342510992654035,15.0
20240101_20241231_t00255,val,ow_rule,13,13,1.0,1.0,1.0,13.0,0.0,0.0,1.0,4,4.9906223313552465,0.0709758833664082,0.0,0.0,0.03494140625,5.356071321407137,0.015257553074941465,15.0
20240101_20241231_t00256,val,ow_rule,17,17,1.0,1.0,1.0,17.0,0.0,0.0,1.0,6,5.662769387512346,0.06581204824831366,0.0,0.0,0.046171875,2.5860201081971503,0.009282964991094112,7.0
20240101_20241231_t00257,val,ow_rule,16,16,1.0,1.0,1.0,16.0,0.0,0.0,1.0,5,5.641821630007443,0.06361396291570784,0.0,0.0,0.0425,3.5355339059327378,0.012019104214515521,10.0
20240101_20241231_t00258,val,ow_rule,13,13,1.0,1.0,1.0,13.0,0.0,0.0,1.0,4,5.876782042069077,0.07129289793954624,0.0,0.0,0.0390625,5.80409338312195,0.017111373157613952,16.0
20240101_20241231_t00259,val,ow_rule,13,13,1.0,1.0,1.0,13.0,0.0,0.0,1.0,4,5.500287060670595,0.07366244719132942,0.0,0.0,0.03328125,4.710360920354193,0.013233448847371427,13.0
20240101_20241231_t00260,val,ow_rule,17,17,1.0,1.0,1.0,17.0,0.0,0.0,1.0,6,5.612887579985823,0.07027660981860957,0.0,0.0,0.04337890625,3.960744879438715,0.011567590984566245,11.0
20240101_20241231_t00261,val,ow_rule,14,14,1.0,1.0,1.0,14.0,0.0,0.0,1.0,5,5.367262373391246,0.07626752158165442,0.0,0.0,0.0390625,5.356071321407137,0.01562585675751679,15.0
20240101_20241231_t00262,val,ow_rule,16,16,1.0,1.0,1.0,16.0,0.0,0.0,1.0,5,5.240521534022047,0.07481373164088087,0.0,0.0,0.0425,4.968651728587948,0.01451358829331,14.0
20240101_20241231_t00263,val,ow_rule,16,16,1.0,1.0,1.0,16.0,0.0,0.0,1.0,5,5.2780430986811595,0.0757473594205038,0.0,0.0,0.04466796875,3.191786333700926,0.010496007250992666,9.0
20240101_20241231_t00264,val,ow_rule,15,15,1.0,1.0,1.0,15.0,0.0,0.0,1.0,5,5.277283284568026,0.0779733610978384,0.0,0.0,0.04205078125,3.24037034920393,0.009619517362546319,9.0
20240101_20241231_t00265,val,ow_rule,15,15,1.0,1.0,1.0,15.0,0.0,0.0,1.0,5,5.248319607947381,0.0750945358345466,0.0,0.0,0.0408203125,2.8284271247461903,0.008886186185536021,8.0
20240101_20241231_t00266,val,ow_rule,14,14,1.0,1.0,1.0,14.0,0.0,0.0,1.0,5,5.114935115593684,0.07115082221812502,0.0,0.0,0.03955078125,2.8284271247461903,0.009043109802068808,8.0
20240101_20241231_t00267,val,ow_rule,13,13,1.0,1.0,1.0,13.0,0.0,0.0,1.0,4,5.441061905970171,0.07102047257067717,0.0,0.0,0.0373828125,4.242640687119285,0.012473494083735414,12.0
20240101_20241231_t00268,val,ow_rule,11,11,1.0,1.0,1.0,11.0,0.0,0.0,1.0,4,5.033465508139298,0.07227737802294039,0.0,0.0,0.03052734375,1.7853571071357126,0.006414661003188526,5.0
20240101_20241231_t00269,val,ow_rule,12,12,1.0,1.0,1.0,12.0,0.0,0.0,1.0,4,5.367470902974411,0.07356302809625381,0.0,0.0,0.0310546875,3.570714214271425,0.010391032275485584,10.0
20240101_20241231_t00270,val,ow_rule,12,12,1.0,1.0,1.0,12.0,0.0,0.0,1.0,4,5.1105849062586435,0.06997556506141123,0.0,0.0,0.03162109375,2.5495097567963922,0.008282153961939346,7.0
20240101_20241231_t00271,val,ow_rule,14,14,1.0,1.0,1.0,14.0,0.0,0.0,1.0,5,5.372914347707089,0.0694453814590332,0.0,0.0,0.0378515625,3.570714214271425,0.00983859941671913,10.0
20240101_20241231_t00272,val,ow_rule,13,13,1.0,1.0,1.0,13.0,0.0,0.0,1.0,5,5.240478741091251,0.06895446784376268,0.0,0.0,0.03439453125,2.8722813232690143,0.00890843816278606,8.0
20240101_20241231_t00273,val,ow_rule,14,14,1.0,1.0,1.0,14.0,0.0,0.0,1.0,5,5.1096856685847,0.06529922179313255,0.0,0.0,0.03423828125,3.24037034920393,0.008887652337637145,9.0
20240101_20241231_t00274,val,ow_rule,12,12,1.0,1.0,1.0,12.0,0.0,0.0,1.0,4,5.453408829740982,0.06930329162742283,0.0,0.0,0.03076171875,3.897114317029974,0.010164991871407894,11.0
20240101_20241231_t00275,val,ow_rule,10,10,1.0,1.0,1.0,10.0,0.0,0.0,1.0,3,5.172430023929769,0.07800086460641534,0.0,0.0,0.02625,4.06201920231798,0.010613855239010374,11.0
20240101_20241231_t00276,val,ow_rule,14,14,1.0,1.0,1.0,14.0,0.0,0.0,1.0,5,5.153683082883369,0.0736613870363182,0.0,0.0,0.037890625,2.8722813232690143,0.008451417817569796,8.0
20240101_20241231_t00277,val,ow_rule,13,13,1.0,1.0,1.0,13.0,0.0,0.0,1.0,4,5.410033627051368,0.07515057705273376,0.0,0.0,0.034921875,4.743416490252569,0.012317053983807447,13.0
20240101_20241231_t00278,val,ow_rule,13,13,1.0,1.0,1.0,13.0,0.0,0.0,1.0,4,5.280245772649394,0.0724946600113132,0.0,0.0,0.035546875,2.1213203435596424,0.006137670063218748,6.0
20240101_20241231_t00279,val,ow_rule,13,13,1.0,1.0,1.0,13.0,0.0,0.0,1.0,4,5.317963770527452,0.07255377429513912,0.0,0.0,0.0360546875,2.179449471770337,0.007665231846875696,6.0
20240101_20241231_t00280,val,ow_rule,12,12,1.0,1.0,1.0,12.0,0.0,0.0,1.0,4,5.436692547655433,0.07265747256697251,0.0,0.0,0.03482421875,1.7853571071357126,0.006653616370766064,5.0
20240101_20241231_t00281,val,ow_rule,11,11,1.0,1.0,1.0,11.0,0.0,0.0,1.0,4,5.593489956243834,0.07482985593440326,0.0,0.0,0.0342578125,2.277608394786075,0.007642977362172361,6.0
20240101_20241231_t00282,val,ow_rule,11,11,1.0,1.0,1.0,11.0,0.0,0.0,1.0,4,5.0388430908486095,0.07127079792272502,0.0,0.0,0.02845703125,2.179449471770337,0.007052086368562016,6.0
20240101_20241231_t00283,val,ow_rule,9,9,1.0,1.0,1.0,9.0,0.0,0.0,1.0,3,4.8073143549694315,0.07467827823646134,0.0,0.0,0.02310546875,3.905124837953327,0.010706946811391782,10.0
20240101_20241231_t00284,val,ow_rule,12,12,1.0,1.0,1.0,12.0,0.0,0.0,1.0,4,4.860967568790272,0.07898611539722156,0.0,0.0,0.02912109375,2.8284271247461903,0.00677820733364641,8.0
20240101_20241231_t00285,val,ow_rule,13,13,1.0,1.0,1.0,13.0,0.0,0.0,1.0,4,5.15174464461442,0.07611663317255056,0.0,0.0,0.0342578125,3.570714214271425,0.00917274894644774,10.0
20240101_20241231_t00286,val,ow_rule,11,11,1.0,1.0,1.0,11.0,0.0,0.0,1.0,4,4.710508701460506,0.08077470352694668,0.0,0.0,0.02888671875,4.183300132670378,0.010754594885424422,11.0
20240101_20241231_t00287,val,ow_rule,10,10,1.0,1.0,1.0,10.0,0.0,0.0,1.0,3,4.8737161697025515,0.07728809883533572,0.0,0.0,0.02775390625,3.905124837953327,0.010499255017691191,10.0
20240101_20241231_t00288,val,ow_rule,9,9,1.0,1.0,1.0,9.0,0.0,0.0,1.0,3,5.080935498811687,0.0830710357397634,0.0,0.0,0.0261328125,3.6996621467371855,0.009538795111280448,9.0
20240101_20241231_t00289,val,ow_rule,10,10,1.0,1.0,1.0,10.0,0.0,0.0,1.0,3,5.124458808158299,0.078026829069018,0.0,0.0,0.02830078125,3.905124837953327,0.010368293341019049,10.0
20240101_20241231_t00290,val,ow_rule,13,13,1.0,1.0,1.0,13.0,0.0,0.0,1.0,4,5.43136312544574,0.0695555754473312,0.0,0.0,0.035234375,3.5355339059327378,0.010132507743164236,10.0
20240101_20241231_t00291,val,ow_rule,13,13,1.0,1.0,1.0,13.0,0.0,0.0,1.0,5,4.76399853185801,0.0729204110368265,0.0,0.0,0.0328125,3.24037034920393,0.008987106571420081,9.0
20240101_20241231_t00292,val,ow_rule,14,14,1.0,1.0,1.0,14.0,0.0,0.0,1.0,5,5.352316193337983,0.07720703990080394,0.0,0.0,0.03755859375,3.9370039370059056,0.012414397862335603,11.0
20240101_20241231_t00293,val,ow_rule,13,13,1.0,1.0,1.0,13.0,0.0,0.0,1.0,4,4.989388534737167,0.07582827436024542,0.0,0.0,0.03259765625,2.8722813232690143,0.008008972084011048,8.0
20240101_20241231_t00294,val,ow_rule,13,13,1.0,1.0,1.0,13.0,0.0,0.0,1.0,4,5.4297257806485515,0.0741644880629099,0.0,0.0,0.033359375,2.179449471770337,0.00640660726900118,6.0
20240101_20241231_t00295,val,ow_rule,13,13,1.0,1.0,1.0,13.0,0.0,0.0,1.0,4,5.289761974194944,0.07502087385999413,0.0,0.0,0.03478515625,1.7853571071357126,0.005543280497972225,5.0
20240101_20241231_t00296,val,ow_rule,11,11,1.0,1.0,1.0,11.0,0.0,0.0,1.0,4,5.499849765394573,0.08320827764380141,0.0,0.0,0.0322265625,2.692582403567252,0.007121509634022006,7.0
20240101_20241231_t00297,val,ow_rule,14,14,1.0,1.0,1.0,14.0,0.0,0.0,1.0,5,5.524774307136658,0.08081307914674525,0.0,0.0,0.0407421875,2.5860201081971503,0.0076767176864967115,7.0
20240101_20241231_t00298,val,ow_rule,14,14,1.0,1.0,1.0,14.0,0.0,0.0,1.0,5,5.432989599379246,0.07456671135449774,0.0,0.0,0.03904296875,3.5355339059327378,0.011081355518370112,9.0
20240101_20241231_t00299,val,ow_rule,17,17,1.0,1.0,1.0,17.0,0.0,0.0,1.0,6,5.48193106210771,0.07152552721032303,0.0,0.0,0.0447265625,3.491060010942235,0.010163678313727232,9.0
20240101_20241231_t00300,val,ow_rule,17,17,1.0,1.0,1.0,17.0,0.0,0.0,1.0,7,5.631321637280795,0.06628231102430107,0.0,0.0,0.04322265625,3.905124837953327,0.01175349970704319,10.0
20240101_20241231_t00301,val,ow_rule,15,15,1.0,1.0,1.0,15.0,0.0,0.0,1.0,5,5.9801008912268,0.07329252280255182,0.0,0.0,0.04009765625,3.391164991562634,0.010109194392812292,9.0
20240101_20241231_t00302,val,ow_rule,14,14,1.0,1.0,1.0,14.0,0.0,0.0,1.0,5,5.326087382143801,0.07704029024648083,0.0,0.0,0.03654296875,3.2691742076555053,0.00985303168719938,9.0
20240101_20241231_t00303,val,ow_rule,12,12,1.0,1.0,1.0,12.0,0.0,0.0,1.0,5,5.135643255234728,0.08539780307329808,0.0,0.0,0.03169921875,3.2691742076555053,0.0104485707304903,9.0
20240101_20241231_t00304,val,ow_rule,12,12,1.0,1.0,1.0,12.0,0.0,0.0,1.0,4,5.3695953607054,0.08346866156199921,0.0,0.0,0.03255859375,2.48746859276655,0.008660070960038258,7.0
20240101_20241231_t00305,val,ow_rule,14,14,1.0,1.0,1.0,14.0,0.0,0.0,1.0,5,5.909754970589705,0.07743077352627971,0.0,0.0,0.03849609375,3.5619517121937516,0.011856088135076394,10.0
20240101_20241231_t00306,val,ow_rule,14,14,1.0,1.0,1.0,14.0,0.0,0.0,1.0,5,5.337408443565225,0.07825866267389274,0.0,0.0,0.03556640625,2.1213203435596424,0.006669307026931841,6.0
20240101_20241231_t00307,val,ow_rule,14,14,1.0,1.0,1.0,14.0,0.0,0.0,1.0,5,5.567438033505877,0.07738745600871708,0.0,0.0,0.03826171875,2.5495097567963922,0.008216350248587915,7.0
20240101_20241231_t00308,val,ow_rule,15,15,1.0,1.0,1.0,15.0,0.0,0.0,1.0,5,5.537695393454806,0.07606164624337006,0.0,0.0,0.03970703125,2.8722813232690143,0.009564445098318946,8.0
20240101_20241231_t00309,val,ow_rule,14,14,1.0,1.0,1.0,14.0,0.0,0.0,1.0,5,5.51278588017653,0.07371297940673872,0.0,0.0,0.036875,2.48746859276655,0.007425528179353344,7.0
20240101_20241231_t00310,val,ow_rule,12,12,1.0,1.0,1.0,12.0,0.0,0.0,1.0,4,5.536735322258274,0.07016000257057392,0.0,0.0,0.032109375,1.920286436967152,0.005394383101808052,5.0
20240101_20241231_t00311,val,ow_rule,12,12,1.0,1.0,1.0,12.0,0.0,0.0,1.0,4,5.947969663908492,0.07186140324970347,0.0,0.0,0.0319140625,2.692582403567252,0.00829401579763703,7.0
20240101_20241231_t00312,val,ow_rule,13,13,1.0,1.0,1.0,13.0,0.0,0.0,1.0,4,5.454113045203807,0.07338292131069085,0.0,0.0,0.03138671875,3.0,0.008233377530163379,8.0
20240101_20241231_t00313,val,ow_rule,12,12,1.0,1.0,1.0,12.0,0.0,0.0,1.0,4,5.51132049537166,0.07265039681346784,0.0,0.0,0.03005859375,2.8613807855648994,0.008296787872144334,8.0
20240101_20241231_t00314,val,ow_rule,11,11,1.0,1.0,1.0,11.0,0.0,0.0,1.0,4,4.9319374620973715,0.07721945989935441,0.0,0.0,0.02533203125,3.2691742076555053,0.00833619513645328,9.0
20240101_20241231_t00315,val,ow_rule,10,10,1.0,1.0,1.0,10.0,0.0,0.0,1.0,3,5.2755350116647355,0.07906731030677193,0.0,0.0,0.0244140625,2.179449471770337,0.0057466761892259015,6.0
20240101_20241231_t00316,val,ow_rule,11,11,1.0,1.0,1.0,11.0,0.0,0.0,1.0,4,5.486668953096359,0.07977047137937639,0.0,0.0,0.0259375,2.48746859276655,0.00791893441362627,7.0
20240101_20241231_t00317,val,ow_rule,10,10,1.0,1.0,1.0,10.0,0.0,0.0,1.0,3,5.704697605245501,0.07043900075636511,0.0,0.0,0.02478515625,4.710360920354193,0.0118978932206721,13.0
20240101_20241231_t00318,val,ow_rule,11,11,1.0,1.0,1.0,11.0,0.0,0.0,1.0,4,5.497230770811867,0.07214248366891207,0.0,0.0,0.0276171875,3.2015621187164243,0.008062580670093638,9.0
20240101_20241231_t00319,val,ow_rule,10,10,1.0,1.0,1.0,10.0,0.0,0.0,1.0,3,5.269682445079493,0.06356573209951376,0.0,0.0,0.02685546875,5.5,0.013809349114936966,15.0
20240101_20241231_t00320,val,ow_rule,10,10,1.0,1.0,1.0,10.0,0.0,0.0,1.0,3,5.521115221117865,0.07126903110330136,0.0,0.0,0.02880859375,4.14578098794425,0.010322191712720238,11.0
20240101_20241231_t00321,val,ow_rule,11,11,1.0,1.0,1.0,11.0,0.0,0.0,1.0,4,5.222439544956874,0.075113457899346,0.0,0.0,0.030390625,3.9370039370059056,0.009959151762419544,11.0
20240101_20241231_t00322,val,ow_rule,10,10,1.0,1.0,1.0,10.0,0.0,0.0,1.0,3,5.715719154193154,0.07710073929390791,0.0,0.0,0.02939453125,2.48746859276655,0.007458168035057131,7.0
20240101_20241231_t00323,val,ow_rule,13,13,1.0,1.0,1.0,13.0,0.0,0.0,1.0,4,5.9176366124288995,0.07120209526906043,0.0,0.0,0.037578125,2.179449471770337,0.006818272026505632,6.0
20240101_20241231_t00324,val,ow_rule,11,11,1.0,1.0,1.0,11.0,0.0,0.0,1.0,4,5.463224468610546,0.07451400512530257,0.0,0.0,0.03103515625,3.840572873934304,0.010017118107613824,10.0
20240101_20241231_t00325,val,ow_rule,13,13,1.0,1.0,1.0,13.0,0.0,0.0,1.0,4,5.509412224582342,0.07514483198827811,0.0,0.0,0.036484375,1.920286436967152,0.005595234423542462,5.0
20240101_20241231_t00326,val,ow_rule,12,12,1.0,1.0,1.0,12.0,0.0,0.0,1.0,4,5.633954415394945,0.0737220177059687,0.0,0.0,0.0351171875,2.8722813232690143,0.009309661791156026,8.0
20240101_20241231_t00327,val,ow_rule,10,10,1.0,1.0,1.0,10.0,0.0,0.0,1.0,3,5.828936167843169,0.07806222890384953,0.0,0.0,0.0305078125,2.345207879911715,0.007168048577552768,6.0
20240101_20241231_t00328,val,ow_rule,10,10,1.0,1.0,1.0,10.0,0.0,0.0,1.0,3,5.315612942847151,0.08197401683576677,0.0,0.0,0.0265625,2.8613807855648994,0.0075165692725571555,8.0
20240101_20241231_t00329,val,ow_rule,11,11,1.0,1.0,1.0,11.0,0.0,0.0,1.0,4,5.080927752683005,0.07445170337024265,0.0,0.0,0.0277734375,2.8613807855648994,0.007500030199625886,8.0
20240101_20241231_t00330,val,ow_rule,8,8,1.0,1.0,1.0,8.0,0.0,0.0,1.0,4,4.933866869452629,0.08217370860850705,0.0,0.0,0.02150390625,2.9154759474226504,0.007244211451106312,7.0
20240101_20241231_t00331,val,ow_rule,9,9,1.0,1.0,1.0,9.0,0.0,0.0,1.0,3,5.060886886389125,0.08376806605400507,0.0,0.0,0.02447265625,3.6996621467371855,0.009093746381935894,9.0
20240101_20241231_t00332,val,ow_rule,12,12,1.0,1.0,1.0,12.0,0.0,0.0,1.0,4,5.355556443847086,0.07795674799142001,0.0,0.0,0.03140625,3.570714214271425,0.009095839637221773,10.0
20240101_20241231_t00333,val,ow_rule,12,12,1.0,1.0,1.0,12.0,0.0,0.0,1.0,4,5.33186557143154,0.07932811856979709,0.0,0.0,0.033359375,3.3541019662496847,0.008475103999937313,9.0
20240101_20241231_t00334,val,ow_rule,12,12,1.0,1.0,1.0,12.0,0.0,0.0,1.0,4,5.562353748472282,0.07804559746124162,0.0,0.0,0.0346484375,2.345207879911715,0.007437765677699667,6.0
20240101_20241231_t00335,val,ow_rule,12,12,1.0,1.0,1.0,12.0,0.0,0.0,1.0,5,5.372431185043471,0.07862803387418058,0.0,0.0,0.0323828125,1.920286436967152,0.005170462700744965,5.0
20240101_20241231_t00336,val,ow_rule,12,12,1.0,1.0,1.0,12.0,0.0,0.0,1.0,4,5.810179386187389,0.07706766066972527,0.0,0.0,0.03716796875,1.5,0.004648096408671425,4.0
20240101_20241231_t00337,val,ow_rule,12,12,1.0,1.0,1.0,12.0,0.0,0.0,1.0,4,5.6260593698277575,0.0774418317437186,0.0,0.0,0.03755859375,1.7320508075688772,0.004806294986429988,4.0
20240101_20241231_t00338,val,ow_rule,12,12,1.0,1.0,1.0,12.0,0.0,0.0,1.0,4,5.380621498914619,0.07823233664605833,0.0,0.0,0.03759765625,1.7320508075688772,0.00514755903746518,4.0
20240101_20241231_t00339,val,ow_rule,12,12,1.0,1.0,1.0,12.0,0.0,0.0,1.0,4,5.392482150934854,0.07786366630254778,0.0,0.0,0.0372265625,2.345207879911715,0.007841807516240444,6.0
20240101_20241231_t00340,val,ow_rule,12,12,1.0,1.0,1.0,12.0,0.0,0.0,1.0,4,5.2877616261255955,0.07835344729740139,0.0,0.0,0.03625,2.23606797749979,0.0069498238602966,6.0
20240101_20241231_t00341,val,ow_rule,14,14,1.0,1.0,1.0,14.0,0.0,0.0,1.0,5,5.89205588038448,0.07601547933279987,0.0,0.0,0.0417578125,2.5,0.008842879936634358,7.0
20240101_20241231_t00342,val,ow_rule,13,13,1.0,1.0,1.0,13.0,0.0,0.0,1.0,4,5.471407378656813,0.07768131301413178,0.0,0.0,0.0382421875,2.165063509461097,0.0074095597738445505,6.0
20240101_20241231_t00343,val,ow_rule,14,14,1.0,1.0,1.0,14.0,0.0,0.0,1.0,5,5.354051577502849,0.07549969032744333,0.0,0.0,0.03955078125,2.179449471770337,0.007856958157981805,6.0
20240101_20241231_t00344,val,ow_rule,13,13,1.0,1.0,1.0,13.0,0.0,0.0,1.0,4,6.136127199574114,0.0716122274427389,0.0,0.0,0.0403515625,1.6393596310755,0.00651450453530544,4.0
20240101_20241231_t00345,val,ow_rule,12,12,1.0,1.0,1.0,12.0,0.0,0.0,1.0,5,5.852071342629086,0.07225432603383598,0.0,0.0,0.03580078125,1.0897247358851685,0.0048707468112715235,3.0
20240101_20241231_t00346,val,ow_rule,14,14,1.0,1.0,1.0,14.0,0.0,0.0,1.0,5,5.704707792376036,0.07273497734555147,0.0,0.0,0.0423046875,1.5,0.00578926973576861,4.0
20240101_20241231_t00347,val,ow_rule,13,13,1.0,1.0,1.0,13.0,0.0,0.0,1.0,4,5.811344235321378,0.0744877253196487,0.0,0.0,0.038203125,1.118033988749895,0.004588542347914102,3.0
20240101_20241231_t00348,val,ow_rule,13,13,1.0,1.0,1.0,13.0,0.0,0.0,1.0,5,5.346651790713228,0.07079398557035536,0.0,0.0,0.03501953125,2.165063509461097,0.0073796777276485875,6.0
20240101_20241231_t00349,val,ow_rule,12,12,1.0,1.0,1.0,12.0,0.0,0.0,1.0,4,5.510355466282395,0.0718217827185977,0.0,0.0,0.034375,2.8284271247461903,0.007850384220512267,8.0
20240101_20241231_t00350,val,ow_rule,12,12,1.0,1.0,1.0,12.0,0.0,0.0,1.0,4,5.4027866949934875,0.07196950226729731,0.0,0.0,0.03298828125,2.179449471770337,0.005959550168644059,6.0
20240101_20241231_t00351,val,ow_rule,11,11,1.0,1.0,1.0,11.0,0.0,0.0,1.0,4,5.342284852888105,0.07772271539657992,0.0,0.0,0.0308203125,3.0,0.007703796976426878,8.0
20240101_20241231_t00352,val,ow_rule,13,13,1.0,1.0,1.0,13.0,0.0,0.0,1.0,4,5.419104510767009,0.07177986299342802,0.0,0.0,0.03462890625,2.48746859276655,0.0071551248923650375,7.0
20240101_20241231_t00353,val,ow_rule,13,13,1.0,1.0,1.0,13.0,0.0,0.0,1.0,4,5.962056966234493,0.07146859289182138,0.0,0.0,0.03734375,3.191786333700926,0.008738537501132064,9.0
20240101_20241231_t00354,val,ow_rule,11,11,1.0,1.0,1.0,11.0,0.0,0.0,1.0,4,5.52300271118781,0.07103947815826443,0.0,0.0,0.03220703125,1.0897247358851685,0.004208301745507064,3.0
20240101_20241231_t00355,val,ow_rule,15,15,1.0,1.0,1.0,15.0,0.0,0.0,1.0,5,5.703754144100588,0.07178392252065895,0.0,0.0,0.038046875,2.692582403567252,0.007060979088603596,7.0
20240101_20241231_t00356,val,ow_rule,14,14,1.0,1.0,1.0,14.0,0.0,0.0,1.0,5,5.509990368315722,0.0708312737535416,0.0,0.0,0.03583984375,2.48746859276655,0.0074396166314033545,7.0
20240101_20241231_t00357,val,ow_rule,11,11,1.0,1.0,1.0,11.0,0.0,0.0,1.0,4,5.654889134633658,0.0690196637308813,0.0,0.0,0.03095703125,1.7853571071357126,0.006062894120137635,5.0
20240101_20241231_t00358,val,ow_rule,13,13,1.0,1.0,1.0,13.0,0.0,0.0,1.0,4,5.710220033425567,0.06666223087998589,0.0,0.0,0.03576171875,1.920286436967152,0.006088213239241229,5.0
20240101_20241231_t00359,val,ow_rule,13,13,1.0,1.0,1.0,13.0,0.0,0.0,1.0,5,5.978548492859725,0.06396518323972838,0.0,0.0,0.03470703125,1.7320508075688772,0.006046806867348718,4.0
20240101_20241231_t00360,val,ow_rule,12,12,1.0,1.0,1.0,12.0,0.0,0.0,1.0,4,5.533578749730009,0.06702261263419228,0.0,0.0,0.02900390625,1.7853571071357126,0.005103013304067916,5.0
20240101_20241231_t00361,val,ow_rule,10,10,1.0,1.0,1.0,10.0,0.0,0.0,1.0,3,5.108105544766792,0.06624540993243769,0.0,0.0,0.0248046875,1.7853571071357126,0.00502157325621456,5.0
20240101_20241231_t00362,val,ow_rule,13,13,1.0,1.0,1.0,13.0,0.0,0.0,1.0,5,4.938150745538436,0.07270725567219193,0.0,0.0,0.03208984375,1.224744871391589,0.004602190010534812,3.0
20240101_20241231_t00363,val,ow_rule,11,11,1.0,1.0,1.0,11.0,0.0,0.0,1.0,6,4.982940878825145,0.07021620840196972,0.0,0.0,0.02736328125,2.8284271247461903,0.008063030136776886,8.0
20240101_20241231_t00364,val,ow_rule,12,12,1.0,1.0,1.0,12.0,0.0,0.0,1.0,4,5.440272261440602,0.06739353419428461,0.0,0.0,0.0306640625,2.48746859276655,0.006699466089070164,7.0
